o_zone_id,o_zone_name,d_zone_id,d_zone_name,accessibility,volume,geometry
1,A1,1,A1,0.0,0.0,"LINESTRING (-122.3347924 47.6645809,-122.3347924 47.6645809)"
1,A1,2,A2,0.8689275806084201,0.5081276859298339,"LINESTRING (-122.3347924 47.6645809,-122.3257881 47.6647182)"
1,A1,3,A3,1.922695975801382,0.7854177906004047,"LINESTRING (-122.3347924 47.6645809,-122.3148683 47.6648797)"
1,A1,4,A4,2.892642376329537,0.7938347797964422,"LINESTRING (-122.3347924 47.6645809,-122.3048193 47.6651586)"
1,A1,5,A5,3.898084587514715,0.6140522818669061,"LINESTRING (-122.3347924 47.6645809,-122.2943942 47.6647943)"
1,A1,6,B1,0.38683053853288096,1.104977199829485,"LINESTRING (-122.3347924 47.6645809,-122.3345209 47.6605811)"
1,A1,7,B2,0.9733996770760395,0.9368695652206055,"LINESTRING (-122.3347924 47.6645809,-122.325519 47.6606093)"
1,A1,8,B3,1.9324472474654575,1.4916026053963847,"LINESTRING (-122.3347924 47.6645809,-122.3151817 47.660517)"
1,A1,9,B4,2.929469347076217,0.978624969024508,"LINESTRING (-122.3347924 47.6645809,-122.3047029 47.6605345)"
1,A1,10,B5,3.998681257529971,1.2195689432882277,"LINESTRING (-122.3347924 47.6645809,-122.2935066 47.6609936)"
1,A1,11,C1,0.8469481386815927,0.7280385332001653,"LINESTRING (-122.3347924 47.6645809,-122.3350968 47.6558086)"
1,A1,12,C2,1.2319839096662932,0.8748497894785696,"LINESTRING (-122.3347924 47.6645809,-122.3253243 47.6560149)"
1,A1,13,C3,2.0936269539540215,0.8939341925645196,"LINESTRING (-122.3347924 47.6645809,-122.3148916 47.6559348)"
1,A1,14,C4,3.009150224201474,1.7793302437546898,"LINESTRING (-122.3347924 47.6645809,-122.3048201 47.6559651)"
1,A1,15,C5,4.047706315453068,0.09342626166548747,"LINESTRING (-122.3347924 47.6645809,-122.2934898 47.6572427)"
1,A1,16,D1,1.2781603301264242,0.6717595336529955,"LINESTRING (-122.3347924 47.6645809,-122.3352917 47.6513437)"
1,A1,17,D2,1.6006945453863093,0.42665555957408186,"LINESTRING (-122.3347924 47.6645809,-122.3246096 47.6514846)"
1,A1,18,D3,2.3736871199553526,0.5900407804223455,"LINESTRING (-122.3347924 47.6645809,-122.3138341 47.6516996)"
1,A1,19,D4,3.1116362120436563,0.5540979120689106,"LINESTRING (-122.3347924 47.6645809,-122.305244 47.6516642)"
1,A1,20,D5,3.7146501231558053,0.0,"LINESTRING (-122.3347924 47.6645809,-122.2989995 47.6504055)"
1,A1,21,E1,1.6583232244718074,0.4746509309378677,"LINESTRING (-122.3347924 47.6645809,-122.3359803 47.6474355)"
1,A1,22,E2,1.9564165329714827,0.16461609313303896,"LINESTRING (-122.3347924 47.6645809,-122.3228057 47.6482276)"
1,A1,23,E3,2.2846316982874604,0.08570260242219106,"LINESTRING (-122.3347924 47.6645809,-122.3177506 47.6481432)"
1,A1,24,E4,3.3497196186259064,0.38443098375070217,"LINESTRING (-122.3347924 47.6645809,-122.3040097 47.6485309)"
1,A1,25,E5,4.305280241858909,0.0,"LINESTRING (-122.3347924 47.6645809,-122.2938875 47.6467586)"
1,A1,26,Gate1,1.3792781617289749,13.837853654189345,"LINESTRING (-122.3347924 47.6645809,-122.3462375 47.6560168)"
1,A1,27,Gate2,1.9939440366045438,331.71498783294,"LINESTRING (-122.3347924 47.6645809,-122.3148263 47.6699086)"
1,A1,28,Gate3,5.0258090931057176,17.613119737228537,"LINESTRING (-122.3347924 47.6645809,-122.283415 47.6560168)"
1,A1,29,Gate4,2.899384899507997,276.55011908072635,"LINESTRING (-122.3347924 47.6645809,-122.3148263 47.642125)"
2,A2,1,A1,0.8689275806084201,0.43486005118302645,"LINESTRING (-122.3257881 47.6647182,-122.3347924 47.6645809)"
2,A2,2,A2,0.0,0.0,"LINESTRING (-122.3257881 47.6647182,-122.3257881 47.6647182)"
2,A2,3,A3,1.0537684469898638,0.9281923420470355,"LINESTRING (-122.3257881 47.6647182,-122.3148683 47.6648797)"
2,A2,4,A4,2.023724816677233,0.9335689391234807,"LINESTRING (-122.3257881 47.6647182,-122.3048193 47.6651586)"
2,A2,5,A5,3.029212598227699,0.7206207295690714,"LINESTRING (-122.3257881 47.6647182,-122.2943942 47.6647943)"
2,A2,6,B1,0.9324039526614528,1.0652841456359747,"LINESTRING (-122.3257881 47.6647182,-122.3345209 47.6605811)"
2,A2,7,B2,0.3973234445425519,1.0743169151958307,"LINESTRING (-122.3257881 47.6647182,-122.325519 47.6606093)"
2,A2,8,B3,1.100780463973465,1.753334616891089,"LINESTRING (-122.3257881 47.6647182,-122.3151817 47.660517)"
2,A2,9,B4,2.074171396320108,1.148685262103196,"LINESTRING (-122.3257881 47.6647182,-122.3047029 47.6605345)"
2,A2,10,B5,3.1355100844327493,1.429963565105614,"LINESTRING (-122.3257881 47.6647182,-122.2935066 47.6609936)"
2,A2,11,C1,1.2433124417309576,0.7220116345385239,"LINESTRING (-122.3257881 47.6647182,-122.3350968 47.6558086)"
2,A2,12,C2,0.8409750428478541,0.9705866277360309,"LINESTRING (-122.3257881 47.6647182,-122.3253243 47.6560149)"
2,A2,13,C3,1.3504563185132736,1.0368362029534974,"LINESTRING (-122.3257881 47.6647182,-122.3148916 47.6559348)"
2,A2,14,C4,2.192420327211145,2.0774596394079086,"LINESTRING (-122.3257881 47.6647182,-122.3048201 47.6559651)"
2,A2,15,C5,3.19885477644789,0.1093338837454586,"LINESTRING (-122.3257881 47.6647182,-122.2934898 47.6572427)"
2,A2,16,D1,1.5831279182447604,0.6760234705243057,"LINESTRING (-122.3257881 47.6647182,-122.3352917 47.6513437)"
2,A2,17,D2,1.281968056536222,0.46765890839271695,"LINESTRING (-122.3257881 47.6647182,-122.3246096 47.6514846)"
2,A2,18,D3,1.7053961972996756,0.6766284896644209,"LINESTRING (-122.3257881 47.6647182,-122.3138341 47.6516996)"
2,A2,19,D4,2.348633847214237,0.6422226052598314,"LINESTRING (-122.3257881 47.6647182,-122.305244 47.6516642)"
2,A2,20,D5,2.9306399982389006,0.0,"LINESTRING (-122.3257881 47.6647182,-122.2989995 47.6504055)"
2,A2,21,E1,1.9359994631564845,0.479837317349504,"LINESTRING (-122.3257881 47.6647182,-122.3359803 47.6474355)"
2,A2,22,E2,1.6169920772582156,0.1807824154517503,"LINESTRING (-122.3257881 47.6647182,-122.3228057 47.6482276)"
2,A2,23,E3,1.7774387912076768,0.0961978041477236,"LINESTRING (-122.3257881 47.6647182,-122.3177506 47.6481432)"
2,A2,24,E4,2.6182973230389437,0.44353390694631456,"LINESTRING (-122.3257881 47.6647182,-122.3040097 47.6485309)"
2,A2,25,E5,3.532376681613479,0.0,"LINESTRING (-122.3257881 47.6647182,-122.2938875 47.6467586)"
2,A2,26,Gate1,2.144364141665469,13.099769160767458,"LINESTRING (-122.3257881 47.6647182,-122.3462375 47.6560168)"
2,A2,27,Gate2,1.1702853427738424,389.30436762945396,"LINESTRING (-122.3257881 47.6647182,-122.3148263 47.6699086)"
2,A2,28,Gate3,4.1738999139673165,20.59939260108199,"LINESTRING (-122.3257881 47.6647182,-122.283415 47.6560168)"
2,A2,29,Gate4,2.4230663650026987,308.79774846007604,"LINESTRING (-122.3257881 47.6647182,-122.3148263 47.642125)"
3,A3,1,A1,1.922695975801382,0.6841349740808782,"LINESTRING (-122.3148683 47.6648797,-122.3347924 47.6645809)"
3,A3,2,A2,1.0537684469898638,0.9447184248226703,"LINESTRING (-122.3148683 47.6648797,-122.3257881 47.6647182)"
3,A3,3,A3,0.0,0.0,"LINESTRING (-122.3148683 47.6648797,-122.3148683 47.6648797)"
3,A3,4,A4,0.9699987378075383,1.962471808174925,"LINESTRING (-122.3148683 47.6648797,-122.3048193 47.6651586)"
3,A3,5,A5,1.9755676852689275,1.5055133090114339,"LINESTRING (-122.3148683 47.6648797,-122.2943942 47.6647943)"
3,A3,6,B1,1.941112562395597,1.6873080005056205,"LINESTRING (-122.3148683 47.6648797,-122.3345209 47.6605811)"
3,A3,7,B2,1.1072201536980997,1.7550538754241376,"LINESTRING (-122.3148683 47.6648797,-122.325519 47.6606093)"
3,A3,8,B3,0.4220466605345122,3.535327235335744,"LINESTRING (-122.3148683 47.6648797,-122.3151817 47.660517)"
3,A3,9,B4,1.0667065479249849,2.397591978770679,"LINESTRING (-122.3148683 47.6648797,-122.3047029 47.6605345)"
3,A3,10,B5,2.0950222493060693,2.9811898011272655,"LINESTRING (-122.3148683 47.6648797,-122.2935066 47.6609936)"
3,A3,11,C1,2.1391159896556244,1.1640191811347378,"LINESTRING (-122.3148683 47.6648797,-122.3350968 47.6558086)"
3,A3,12,C2,1.3226951436469814,1.6494888862737578,"LINESTRING (-122.3148683 47.6648797,-122.3253243 47.6560149)"
3,A3,13,C3,0.8631021430164486,2.0212189775573415,"LINESTRING (-122.3148683 47.6648797,-122.3148916 47.6559348)"
3,A3,14,C4,1.2961245073155472,4.2653818803901995,"LINESTRING (-122.3148683 47.6648797,-122.3048201 47.6559651)"
3,A3,15,C5,2.190485240650832,0.22692921999863125,"LINESTRING (-122.3148683 47.6648797,-122.2934898 47.6572427)"
3,A3,16,D1,2.3641780547312954,1.1085044373915423,"LINESTRING (-122.3148683 47.6648797,-122.3352917 47.6513437)"
3,A3,17,D2,1.598134872490848,0.814904418057503,"LINESTRING (-122.3148683 47.6648797,-122.3246096 47.6514846)"
3,A3,18,D3,1.2756569667211883,1.3055973717597886,"LINESTRING (-122.3148683 47.6648797,-122.3138341 47.6516996)"
3,A3,19,D4,1.577480546695007,1.2951423537381137,"LINESTRING (-122.3148683 47.6648797,-122.305244 47.6516642)"
3,A3,20,D5,2.0724564158607284,0.0,"LINESTRING (-122.3148683 47.6648797,-122.2989995 47.6504055)"
3,A3,21,E1,2.642520336388162,0.7954848705148466,"LINESTRING (-122.3148683 47.6648797,-122.3359803 47.6474355)"
3,A3,22,E2,1.7799598861167505,0.32180881934849176,"LINESTRING (-122.3148683 47.6648797,-122.3228057 47.6482276)"
3,A3,23,E3,1.6386778682575862,0.17834658422772118,"LINESTRING (-122.3148683 47.6648797,-122.3177506 47.6481432)"
3,A3,24,E4,1.8937488600253276,0.8880268598042175,"LINESTRING (-122.3148683 47.6648797,-122.3040097 47.6485309)"
3,A3,25,E5,2.6750021635757624,0.0,"LINESTRING (-122.3148683 47.6648797,-122.2938875 47.6467586)"
3,A3,26,Gate1,3.145305208398376,20.914578688195146,"LINESTRING (-122.3148683 47.6648797,-122.3462375 47.6560168)"
3,A3,27,Gate2,0.4852499789901332,784.3509479549247,"LINESTRING (-122.3148683 47.6648797,-122.3148263 47.6699086)"
3,A3,28,Gate3,3.153115513052914,42.73662273496393,"LINESTRING (-122.3148683 47.6648797,-122.283415 47.6560168)"
3,A3,29,Gate4,2.19560813429161,578.9779216487314,"LINESTRING (-122.3148683 47.6648797,-122.3148263 47.642125)"
4,A4,1,A1,2.892642376329537,0.5274799112239298,"LINESTRING (-122.3048193 47.6651586,-122.3347924 47.6645809)"
4,A4,2,A2,2.023724816677233,0.7248456580185372,"LINESTRING (-122.3048193 47.6651586,-122.3257881 47.6647182)"
4,A4,3,A3,0.9699987378075383,1.4970564269777646,"LINESTRING (-122.3048193 47.6651586,-122.3148683 47.6648797)"
4,A4,4,A4,0.0,0.0,"LINESTRING (-122.3048193 47.6651586,-122.3048193 47.6651586)"
4,A4,5,A5,1.0065388589765867,1.5056715635838467,"LINESTRING (-122.3048193 47.6651586,-122.2943942 47.6647943)"
4,A4,6,B1,2.8997408298470777,1.3029405643956746,"LINESTRING (-122.3048193 47.6651586,-122.3345209 47.6605811)"
4,A4,7,B2,2.044982801465276,1.3529830382872001,"LINESTRING (-122.3048193 47.6651586,-122.325519 47.6606093)"
4,A4,8,B3,1.0955847951215434,2.796335813520895,"LINESTRING (-122.3048193 47.6651586,-122.3151817 47.660517)"
4,A4,9,B4,0.44631429101448855,2.3062598415868325,"LINESTRING (-122.3048193 47.6651586,-122.3047029 47.6605345)"
4,A4,10,B5,1.1631956221771977,2.962794235188866,"LINESTRING (-122.3048193 47.6651586,-122.2935066 47.6609936)"
4,A4,11,C1,3.0576029728050664,0.9041029501073371,"LINESTRING (-122.3048193 47.6651586,-122.3350968 47.6558086)"
4,A4,12,C2,2.1663218578895194,1.2895070367336756,"LINESTRING (-122.3048193 47.6651586,-122.3253243 47.6560149)"
4,A4,13,C3,1.3178202702539388,1.6598616062702576,"LINESTRING (-122.3048193 47.6651586,-122.3148916 47.6559348)"
4,A4,14,C4,0.8870813444245578,3.958462809371195,"LINESTRING (-122.3048193 47.6651586,-122.3048201 47.6559651)"
4,A4,15,C5,1.3335887067718846,0.22304849799680823,"LINESTRING (-122.3048193 47.6651586,-122.2934898 47.6572427)"
4,A4,16,D1,3.2283284493401116,0.8675504390501051,"LINESTRING (-122.3048193 47.6651586,-122.3352917 47.6513437)"
4,A4,17,D2,2.3210471545340576,0.648146528086078,"LINESTRING (-122.3048193 47.6651586,-122.3246096 47.6514846)"
4,A4,18,D3,1.5630479164956825,1.0993024899366264,"LINESTRING (-122.3048193 47.6651586,-122.3138341 47.6516996)"
4,A4,19,D4,1.3027181749385994,1.1778275797864202,"LINESTRING (-122.3048193 47.6651586,-122.305244 47.6516642)"
4,A4,20,D5,1.530286123876949,0.0,"LINESTRING (-122.3048193 47.6651586,-122.2989995 47.6504055)"
4,A4,21,E1,3.4590214062205633,0.6267607862088079,"LINESTRING (-122.3048193 47.6651586,-122.3359803 47.6474355)"
4,A4,22,E2,2.3834535124422045,0.2601651267543815,"LINESTRING (-122.3048193 47.6651586,-122.3228057 47.6482276)"
4,A4,23,E3,2.0621341558560884,0.14759534935038987,"LINESTRING (-122.3048193 47.6651586,-122.3177506 47.6481432)"
4,A4,24,E4,1.606305139944032,0.8084168303067008,"LINESTRING (-122.3048193 47.6651586,-122.3040097 47.6485309)"
4,A4,25,E5,2.065121287973529,0.0,"LINESTRING (-122.3048193 47.6651586,-122.2938875 47.6467586)"
4,A4,26,Gate1,4.0926288400708275,16.217451630051702,"LINESTRING (-122.3048193 47.6651586,-122.3462375 47.6560168)"
4,A4,27,Gate2,1.0688249084792247,629.3651570645615,"LINESTRING (-122.3048193 47.6651586,-122.3148263 47.6699086)"
4,A4,28,Gate3,2.245787510097906,42.13471852477508,"LINESTRING (-122.3048193 47.6651586,-122.283415 47.6560168)"
4,A4,29,Gate4,2.423193349064988,492.12198425302364,"LINESTRING (-122.3048193 47.6651586,-122.3148263 47.642125)"
5,A5,1,A1,3.898084587514715,0.31190027472459997,"LINESTRING (-122.2943942 47.6647943,-122.3347924 47.6645809)"
5,A5,2,A2,3.029212598227699,0.4277012353651857,"LINESTRING (-122.2943942 47.6647943,-122.3257881 47.6647182)"
5,A5,3,A3,1.9755676852689275,0.877917989530491,"LINESTRING (-122.2943942 47.6647943,-122.3148683 47.6648797)"
5,A5,4,A4,1.0065388589765867,1.150972253089181,"LINESTRING (-122.2943942 47.6647943,-122.3048193 47.6651586)"
5,A5,5,A5,0.0,0.0,"LINESTRING (-122.2943942 47.6647943,-122.2943942 47.6647943)"
5,A5,6,B1,3.8931142324257855,0.7716342628203032,"LINESTRING (-122.2943942 47.6647943,-122.3345209 47.6605811)"
5,A5,7,B2,3.03026644984929,0.8004870798867841,"LINESTRING (-122.2943942 47.6647943,-122.325519 47.6606093)"
5,A5,8,B3,2.0478064698305265,1.6534854442311469,"LINESTRING (-122.2943942 47.6647943,-122.3151817 47.660517)"
5,A5,9,B4,1.0762708592482346,1.41163155991722,"LINESTRING (-122.2943942 47.6647943,-122.3047029 47.6605345)"
5,A5,10,B5,0.3765965046306329,2.247116785469506,"LINESTRING (-122.2943942 47.6647943,-122.2935066 47.6609936)"
5,A5,11,C1,4.021964692063551,0.5375664461678529,"LINESTRING (-122.2943942 47.6647943,-122.3350968 47.6558086)"
5,A5,12,C2,3.1023438732077095,0.7680927111510958,"LINESTRING (-122.2943942 47.6647943,-122.3253243 47.6560149)"
5,A5,13,C3,2.154639944601816,0.9981825841046205,"LINESTRING (-122.2943942 47.6647943,-122.3148916 47.6559348)"
5,A5,14,C4,1.3182628049260823,2.5070485767552095,"LINESTRING (-122.2943942 47.6647943,-122.3048201 47.6559651)"
5,A5,15,C5,0.7338606322260092,0.16358134476014605,"LINESTRING (-122.2943942 47.6647943,-122.2934898 47.6572427)"
5,A5,16,D1,4.154144218236527,0.5185123713967372,"LINESTRING (-122.2943942 47.6647943,-122.3352917 47.6513437)"
5,A5,17,D2,3.185810097038277,0.38979680946830886,"LINESTRING (-122.2943942 47.6647943,-122.3246096 47.6514846)"
5,A5,18,D3,2.261621184572112,0.6740647500685879,"LINESTRING (-122.2943942 47.6647943,-122.3138341 47.6516996)"
5,A5,19,D4,1.643502038592282,0.7567791421215055,"LINESTRING (-122.2943942 47.6647943,-122.305244 47.6516642)"
5,A5,20,D5,1.4577563440886934,0.0,"LINESTRING (-122.2943942 47.6647943,-122.2989995 47.6504055)"
5,A5,21,E1,4.348196105570676,0.3764666123636847,"LINESTRING (-122.2943942 47.6647943,-122.3359803 47.6474355)"
5,A5,22,E2,3.1734375852742334,0.15800577858955997,"LINESTRING (-122.2943942 47.6647943,-122.3228057 47.6482276)"
5,A5,23,E3,2.7677372728982936,0.09055956935648,"LINESTRING (-122.2943942 47.6647943,-122.3177506 47.6481432)"
5,A5,24,E4,1.823012297395846,0.5285303149913048,"LINESTRING (-122.2943942 47.6647943,-122.3040097 47.6485309)"
5,A5,25,E5,1.740951254857777,0.0,"LINESTRING (-122.2943942 47.6647943,-122.2938875 47.6467586)"
5,A5,26,Gate1,5.073554617031069,9.63445159606744,"LINESTRING (-122.2943942 47.6647943,-122.3462375 47.6560168)"
5,A5,27,Gate2,2.0323152699294247,371.5035446599072,"LINESTRING (-122.2943942 47.6647943,-122.3148263 47.6699086)"
5,A5,28,Gate3,1.3563150038483691,31.962754257509033,"LINESTRING (-122.2943942 47.6647943,-122.283415 47.6560168)"
5,A5,29,Gate4,2.944710820118522,309.478894450808,"LINESTRING (-122.2943942 47.6647943,-122.3148263 47.642125)"
6,B1,1,A1,0.38683053853288096,1.3098386478617405,"LINESTRING (-122.3345209 47.6605811,-122.3347924 47.6645809)"
6,B1,2,A2,0.9324039526614528,1.4755478348185915,"LINESTRING (-122.3345209 47.6605811,-122.3257881 47.6647182)"
6,B1,3,A3,1.941112562395597,2.296242711830884,"LINESTRING (-122.3345209 47.6605811,-122.3148683 47.6648797)"
6,B1,4,A4,2.8997408298470777,2.324412952633783,"LINESTRING (-122.3345209 47.6605811,-122.3048193 47.6651586)"
6,B1,5,A5,3.8931142324257855,1.8008004033958867,"LINESTRING (-122.3345209 47.6605811,-122.2943942 47.6647943)"
6,B1,6,B1,0.0,0.0,"LINESTRING (-122.3345209 47.6605811,-122.3345209 47.6605811)"
6,B1,7,B2,0.8685943328646037,2.787730393137078,"LINESTRING (-122.3345209 47.6605811,-122.325519 47.6606093)"
6,B1,8,B3,1.8660548238091959,4.410491641387353,"LINESTRING (-122.3345209 47.6605811,-122.3151817 47.660517)"
6,B1,9,B4,2.877138363312176,2.8876990137533864,"LINESTRING (-122.3345209 47.6605811,-122.3047029 47.6605345)"
6,B1,10,B5,3.9576718413185903,3.5931072991418875,"LINESTRING (-122.3345209 47.6605811,-122.2935066 47.6609936)"
6,B1,11,C1,0.46383715959318317,2.263773327317059,"LINESTRING (-122.3345209 47.6605811,-122.3350968 47.6558086)"
6,B1,12,C2,0.9907398402357672,2.6527533327883064,"LINESTRING (-122.3345209 47.6605811,-122.3253243 47.6560149)"
6,B1,13,C3,1.946365077943238,2.671709018904488,"LINESTRING (-122.3345209 47.6605811,-122.3148916 47.6559348)"
6,B1,14,C4,2.900238170345916,5.2890575534731505,"LINESTRING (-122.3345209 47.6605811,-122.3048201 47.6559651)"
6,B1,15,C5,3.972177256832006,0.27647180430960516,"LINESTRING (-122.3345209 47.6605811,-122.2934898 47.6572427)"
6,B1,16,D1,0.8944074784789187,2.078728984429947,"LINESTRING (-122.3345209 47.6605811,-122.3352917 47.6513437)"
6,B1,17,D2,1.2980661352155793,1.3033082769003776,"LINESTRING (-122.3345209 47.6605811,-122.3246096 47.6514846)"
6,B1,18,D3,2.172251641666491,1.7758090315638844,"LINESTRING (-122.3345209 47.6605811,-122.3138341 47.6516996)"
6,B1,19,D4,2.9530481943943188,1.6576621037576162,"LINESTRING (-122.3345209 47.6605811,-122.305244 47.6516642)"
6,B1,20,D5,3.5653216590795602,0.0,"LINESTRING (-122.3345209 47.6605811,-122.2989995 47.6504055)"
6,B1,21,E1,1.2762080591878038,1.4656991749538089,"LINESTRING (-122.3345209 47.6605811,-122.3359803 47.6474355)"
6,B1,22,E2,1.642748269369565,0.5031869126369113,"LINESTRING (-122.3345209 47.6605811,-122.3228057 47.6482276)"
6,B1,23,E3,2.0146348981391142,0.260311164777119,"LINESTRING (-122.3345209 47.6605811,-122.3177506 47.6481432)"
6,B1,24,E4,3.1653167344031647,1.1538366315337723,"LINESTRING (-122.3345209 47.6605811,-122.3040097 47.6485309)"
6,B1,25,E5,4.141360627030616,0.0,"LINESTRING (-122.3345209 47.6605811,-122.2938875 47.6467586)"
6,B1,26,Gate1,1.2132873533085005,41.49856418492653,"LINESTRING (-122.3345209 47.6605811,-122.3462375 47.6560168)"
6,B1,27,Gate2,2.1026892834865376,958.2493077303213,"LINESTRING (-122.3345209 47.6605811,-122.3148263 47.6699086)"
6,B1,28,Gate3,4.950836391834649,52.114117048686566,"LINESTRING (-122.3345209 47.6605811,-122.283415 47.6560168)"
6,B1,29,Gate4,2.6043473820446583,842.2674324187685,"LINESTRING (-122.3345209 47.6605811,-122.3148263 47.642125)"
7,B2,1,A1,0.9733996770760395,0.6011780800894954,"LINESTRING (-122.325519 47.6606093,-122.3347924 47.6645809)"
7,B2,2,A2,0.3973234445425519,0.8055263770689717,"LINESTRING (-122.325519 47.6606093,-122.3257881 47.6647182)"
7,B2,3,A3,1.1072201536980997,1.2929252005974483,"LINESTRING (-122.325519 47.6606093,-122.3148683 47.6648797)"
7,B2,4,A4,2.044982801465276,1.306593689720732,"LINESTRING (-122.325519 47.6606093,-122.3048193 47.6651586)"
7,B2,5,A5,3.03026644984929,1.0112718661663416,"LINESTRING (-122.325519 47.6606093,-122.2943942 47.6647943)"
7,B2,6,B1,0.8685943328646037,1.5090731520114204,"LINESTRING (-122.325519 47.6606093,-122.3345209 47.6605811)"
7,B2,7,B2,0.0,0.0,"LINESTRING (-122.325519 47.6606093,-122.325519 47.6606093)"
7,B2,8,B3,0.9974942684139433,2.4972295691570525,"LINESTRING (-122.325519 47.6606093,-122.3151817 47.660517)"
7,B2,9,B4,2.008557740797814,1.6263189053565366,"LINESTRING (-122.325519 47.6606093,-122.3047029 47.6605345)"
7,B2,10,B5,3.0891041807063147,2.019081716424815,"LINESTRING (-122.325519 47.6606093,-122.2935066 47.6609936)"
7,B2,11,C1,1.0337505946276189,1.0436680715691284,"LINESTRING (-122.325519 47.6606093,-122.3350968 47.6558086)"
7,B2,12,C2,0.44370716567558194,1.4488715028195946,"LINESTRING (-122.325519 47.6606093,-122.3253243 47.6560149)"
7,B2,13,C3,1.1202519775567323,1.5026265085928237,"LINESTRING (-122.325519 47.6606093,-122.3148916 47.6559348)"
7,B2,14,C4,2.046898474347365,2.9725088368568424,"LINESTRING (-122.325519 47.6606093,-122.3048201 47.6559651)"
7,B2,15,C5,3.1075297881454578,0.15527633385757206,"LINESTRING (-122.325519 47.6606093,-122.2934898 47.6572427)"
7,B2,16,D1,1.2994122123507146,0.9864003876415395,"LINESTRING (-122.325519 47.6606093,-122.3352917 47.6513437)"
7,B2,17,D2,0.8848025791479712,0.6943623939475255,"LINESTRING (-122.325519 47.6606093,-122.3246096 47.6514846)"
7,B2,18,D3,1.4178407396314219,0.9874961888266166,"LINESTRING (-122.325519 47.6606093,-122.3138341 47.6516996)"
7,B2,19,D4,2.13827595463871,0.9267403107530031,"LINESTRING (-122.325519 47.6606093,-122.305244 47.6516642)"
7,B2,20,D5,2.7417512290198003,0.0,"LINESTRING (-122.325519 47.6606093,-122.2989995 47.6504055)"
7,B2,21,E1,1.6231751168136126,0.7023536246567313,"LINESTRING (-122.325519 47.6606093,-122.3359803 47.6474355)"
7,B2,22,E2,1.223054824025718,0.26782144063684576,"LINESTRING (-122.325519 47.6606093,-122.3228057 47.6482276)"
7,B2,23,E3,1.4172872123397358,0.14177218787025347,"LINESTRING (-122.325519 47.6606093,-122.3177506 47.6481432)"
7,B2,24,E4,2.380274523497813,0.6422289954569508,"LINESTRING (-122.325519 47.6606093,-122.3040097 47.6485309)"
7,B2,25,E5,3.331905161522581,0.0,"LINESTRING (-122.325519 47.6606093,-122.2938875 47.6467586)"
7,B2,26,Gate1,2.047647694417843,18.623076175122787,"LINESTRING (-122.325519 47.6606093,-122.3462375 47.6560168)"
7,B2,27,Gate2,1.3673442825466582,531.6569630812369,"LINESTRING (-122.325519 47.6606093,-122.3148263 47.6699086)"
7,B2,28,Gate3,4.086714607538888,29.235837790548338,"LINESTRING (-122.325519 47.6606093,-122.283415 47.6560168)"
7,B2,29,Gate4,2.0604725928182344,454.64424616869286,"LINESTRING (-122.325519 47.6606093,-122.3148263 47.642125)"
8,B3,1,A1,1.9324472474654575,0.7293415680859107,"LINESTRING (-122.3151817 47.660517,-122.3347924 47.6645809)"
8,B3,2,A2,1.100780463973465,1.0017653054012037,"LINESTRING (-122.3151817 47.660517,-122.3257881 47.6647182)"
8,B3,3,A3,0.4220466605345122,1.984569870252194,"LINESTRING (-122.3151817 47.660517,-122.3148683 47.6648797)"
8,B3,4,A4,1.0955847951215434,2.057744057051056,"LINESTRING (-122.3151817 47.660517,-122.3048193 47.6651586)"
8,B3,5,A5,2.0478064698305265,1.5917241355281098,"LINESTRING (-122.3151817 47.660517,-122.2943942 47.6647943)"
8,B3,6,B1,1.8660548238091959,1.8192833834687505,"LINESTRING (-122.3151817 47.660517,-122.3345209 47.6605811)"
8,B3,7,B2,0.9974942684139433,1.9028839172271508,"LINESTRING (-122.3151817 47.660517,-122.325519 47.6606093)"
8,B3,8,B3,0.0,0.0,"LINESTRING (-122.3151817 47.660517,-122.3151817 47.660517)"
8,B3,9,B4,1.0110917006810154,2.5796763450493323,"LINESTRING (-122.3151817 47.660517,-122.3047029 47.6605345)"
8,B3,10,B5,2.0919326385100594,3.1836219987062937,"LINESTRING (-122.3151817 47.660517,-122.2935066 47.6609936)"
8,B3,11,C1,1.9745876225849723,1.2699836149863317,"LINESTRING (-122.3151817 47.660517,-122.3350968 47.6558086)"
8,B3,12,C2,1.0707401596821349,1.8238868997685092,"LINESTRING (-122.3151817 47.660517,-122.3253243 47.6560149)"
8,B3,13,C3,0.4430216802986762,2.302502298783663,"LINESTRING (-122.3151817 47.660517,-122.3148916 47.6559348)"
8,B3,14,C4,1.0920107000107833,4.684936648910376,"LINESTRING (-122.3151817 47.660517,-122.3048201 47.6559651)"
8,B3,15,C5,2.1167604195080267,0.24461329149096298,"LINESTRING (-122.3151817 47.660517,-122.2934898 47.6572427)"
8,B3,16,D1,2.1327605264892373,1.219967104031475,"LINESTRING (-122.3151817 47.660517,-122.3352917 47.6513437)"
8,B3,17,D2,1.2598155411733336,0.9111696142034147,"LINESTRING (-122.3151817 47.660517,-122.3246096 47.6514846)"
8,B3,18,D3,0.8606638476584324,1.4782554135295407,"LINESTRING (-122.3151817 47.660517,-122.3138341 47.6516996)"
8,B3,19,D4,1.28418373071717,1.439214901141232,"LINESTRING (-122.3151817 47.660517,-122.305244 47.6516642)"
8,B3,20,D5,1.841178824526305,0.0,"LINESTRING (-122.3151817 47.660517,-122.2989995 47.6504055)"
8,B3,21,E1,2.3708081305230024,0.8799191211539479,"LINESTRING (-122.3151817 47.660517,-122.3359803 47.6474355)"
8,B3,22,E2,1.395455393625978,0.3619139997129295,"LINESTRING (-122.3151817 47.660517,-122.3228057 47.6482276)"
8,B3,23,E3,1.21940277985961,0.20164277398095978,"LINESTRING (-122.3151817 47.660517,-122.3177506 47.6481432)"
8,B3,24,E4,1.5810218902149757,0.988674015758986,"LINESTRING (-122.3151817 47.660517,-122.3040097 47.6485309)"
8,B3,25,E5,2.4462348557118228,0.0,"LINESTRING (-122.3151817 47.660517,-122.2938875 47.6467586)"
8,B3,26,Gate1,3.0278760589071942,22.667649071052555,"LINESTRING (-122.3151817 47.660517,-122.3462375 47.6560168)"
8,B3,27,Gate2,0.9068438957395637,785.0770795806098,"LINESTRING (-122.3151817 47.660517,-122.3148263 47.6699086)"
8,B3,28,Gate3,3.0957685343545065,45.95968150515224,"LINESTRING (-122.3151817 47.660517,-122.283415 47.6560168)"
8,B3,29,Gate4,1.7749734431836262,653.6312825460572,"LINESTRING (-122.3151817 47.660517,-122.3148263 47.642125)"
9,B4,1,A1,2.929469347076217,0.41821014063725687,"LINESTRING (-122.3047029 47.6605345,-122.3347924 47.6645809)"
9,B4,2,A2,2.074171396320108,0.5735914405074397,"LINESTRING (-122.3047029 47.6605345,-122.3257881 47.6647182)"
9,B4,3,A3,1.0667065479249849,1.176284800859557,"LINESTRING (-122.3047029 47.6605345,-122.3148683 47.6648797)"
9,B4,4,A4,0.44631429101448855,1.4832375162407248,"LINESTRING (-122.3047029 47.6605345,-122.3048193 47.6651586)"
9,B4,5,A5,1.0762708592482346,1.1876520386258815,"LINESTRING (-122.3047029 47.6605345,-122.2943942 47.6647943)"
9,B4,6,B1,2.877138363312176,1.041035903496086,"LINESTRING (-122.3047029 47.6605345,-122.3345209 47.6605811)"
9,B4,7,B2,2.008557740797814,1.0830785907204739,"LINESTRING (-122.3047029 47.6605345,-122.325519 47.6606093)"
9,B4,8,B3,1.0110917006810154,2.2545800257130937,"LINESTRING (-122.3047029 47.6605345,-122.3151817 47.660517)"
9,B4,9,B4,0.0,0.0,"LINESTRING (-122.3047029 47.6605345,-122.3047029 47.6605345)"
9,B4,10,B5,1.08124445891396,2.3876985957000896,"LINESTRING (-122.3047029 47.6605345,-122.2935066 47.6609936)"
9,B4,11,C1,2.9679437310156156,0.7286711626309039,"LINESTRING (-122.3047029 47.6605345,-122.3350968 47.6558086)"
9,B4,12,C2,2.036981306628425,1.0450409959193816,"LINESTRING (-122.3047029 47.6605345,-122.3253243 47.6560149)"
9,B4,13,C3,1.0786486936357174,1.3672668156081866,"LINESTRING (-122.3047029 47.6605345,-122.3148916 47.6559348)"
9,B4,14,C4,0.4410531591130072,3.378219013049863,"LINESTRING (-122.3047029 47.6605345,-122.3048201 47.6559651)"
9,B4,15,C5,1.1276196837602044,0.18286253561473256,"LINESTRING (-122.3047029 47.6605345,-122.2934898 47.6572427)"
9,B4,16,D1,3.081857611419799,0.7043491564266444,"LINESTRING (-122.3047029 47.6605345,-122.3352917 47.6513437)"
9,B4,17,D2,2.109971811391801,0.5309362339777383,"LINESTRING (-122.3047029 47.6605345,-122.3246096 47.6514846)"
9,B4,18,D3,1.2259704762725998,0.917273580242439,"LINESTRING (-122.3047029 47.6605345,-122.3138341 47.6516996)"
9,B4,19,D4,0.8574912638336205,0.9994547005340458,"LINESTRING (-122.3047029 47.6605345,-122.305244 47.6516642)"
9,B4,20,D5,1.1216422947640523,0.0,"LINESTRING (-122.3047029 47.6605345,-122.2989995 47.6504055)"
9,B4,21,E1,3.2719344307356617,0.5114985343905065,"LINESTRING (-122.3047029 47.6605345,-122.3359803 47.6474355)"
9,B4,22,E2,2.1121624079305517,0.21481089682785853,"LINESTRING (-122.3047029 47.6605345,-122.3228057 47.6482276)"
9,B4,23,E3,1.736247499757469,0.12281200308803596,"LINESTRING (-122.3047029 47.6605345,-122.3177506 47.6481432)"
9,B4,24,E4,1.1601613644738715,0.6847932908437079,"LINESTRING (-122.3047029 47.6605345,-122.3040097 47.6485309)"
9,B4,25,E5,1.6899550890102897,0.0,"LINESTRING (-122.3047029 47.6605345,-122.2938875 47.6467586)"
9,B4,26,Gate1,4.031306687294974,13.021326013394031,"LINESTRING (-122.3047029 47.6605345,-122.3462375 47.6560168)"
9,B4,27,Gate2,1.331261282239219,483.32852522222873,"LINESTRING (-122.3047029 47.6605345,-122.3148263 47.6699086)"
9,B4,28,Gate3,2.099820007167152,34.22054356198007,"LINESTRING (-122.3047029 47.6605345,-122.283415 47.6560168)"
9,B4,29,Gate4,2.0271905181276444,413.0875953522719,"LINESTRING (-122.3047029 47.6605345,-122.3148263 47.642125)"
10,B5,1,A1,3.998681257529971,0.22834620580319162,"LINESTRING (-122.2935066 47.6609936,-122.3347924 47.6645809)"
10,B5,2,A2,3.1355100844327493,0.31284971328800265,"LINESTRING (-122.2935066 47.6609936,-122.3257881 47.6647182)"
10,B5,3,A3,2.0950222493060693,0.640819932200299,"LINESTRING (-122.2935066 47.6609936,-122.3148683 47.6648797)"
10,B5,4,A4,1.1631956221771977,0.834858998175023,"LINESTRING (-122.2935066 47.6609936,-122.3048193 47.6651586)"
10,B5,5,A5,0.3765965046306329,0.8283286435791147,"LINESTRING (-122.2935066 47.6609936,-122.2943942 47.6647943)"
10,B5,6,B1,3.9576718413185903,0.5675356488734515,"LINESTRING (-122.2935066 47.6609936,-122.3345209 47.6605811)"
10,B5,7,B2,3.0891041807063147,0.5891384030714458,"LINESTRING (-122.2935066 47.6609936,-122.325519 47.6606093)"
10,B5,8,B3,2.0919326385100594,1.219076914638103,"LINESTRING (-122.2935066 47.6609936,-122.3151817 47.660517)"
10,B5,9,B4,1.08124445891396,1.046137283915725,"LINESTRING (-122.2935066 47.6609936,-122.3047029 47.6605345)"
10,B5,10,B5,0.0,0.0,"LINESTRING (-122.2935066 47.6609936,-122.2935066 47.6609936)"
10,B5,11,C1,4.044105662203723,0.39753446377622953,"LINESTRING (-122.2935066 47.6609936,-122.3350968 47.6558086)"
10,B5,12,C2,3.10744582744227,0.5692458618052586,"LINESTRING (-122.2935066 47.6609936,-122.3253243 47.6560149)"
10,B5,13,C3,2.120391855738555,0.7436210585052287,"LINESTRING (-122.2935066 47.6609936,-122.3148916 47.6559348)"
10,B5,14,C4,1.1946108345979092,1.891457452532756,"LINESTRING (-122.2935066 47.6609936,-122.3048201 47.6559651)"
10,B5,15,C5,0.3619280089087654,0.12879963415036022,"LINESTRING (-122.2935066 47.6609936,-122.2934898 47.6572427)"
10,B5,16,D1,4.137963480799014,0.3853278645101181,"LINESTRING (-122.2935066 47.6609936,-122.3352917 47.6513437)"
10,B5,17,D2,3.13825411661568,0.29085887480024425,"LINESTRING (-122.2935066 47.6609936,-122.3246096 47.6514846)"
10,B5,18,D3,2.156690588334935,0.5068652422156384,"LINESTRING (-122.2935066 47.6609936,-122.3138341 47.6516996)"
10,B5,19,D4,1.446721734096556,0.5764498900713249,"LINESTRING (-122.2935066 47.6609936,-122.305244 47.6516642)"
10,B5,20,D5,1.1509446329603232,0.0,"LINESTRING (-122.2935066 47.6609936,-122.2989995 47.6504055)"
10,B5,21,E1,4.302025924036966,0.2808397418965527,"LINESTRING (-122.2935066 47.6609936,-122.3359803 47.6474355)"
10,B5,22,E2,3.083771379900983,0.11854542102807161,"LINESTRING (-122.2935066 47.6609936,-122.3228057 47.6482276)"
10,B5,23,E3,2.647600970816073,0.06821977945016107,"LINESTRING (-122.2935066 47.6609936,-122.3177506 47.6481432)"
10,B5,24,E4,1.5726193584363743,0.4054168691962009,"LINESTRING (-122.2935066 47.6609936,-122.3040097 47.6485309)"
10,B5,25,E5,1.3740269479084555,0.0,"LINESTRING (-122.2935066 47.6609936,-122.2938875 47.6467586)"
10,B5,26,Gate1,5.110616834387267,7.111431482420177,"LINESTRING (-122.2935066 47.6609936,-122.3462375 47.6560168)"
10,B5,27,Gate2,2.2297442376459693,268.4011834587689,"LINESTRING (-122.2935066 47.6609936,-122.3148263 47.6699086)"
10,B5,28,Gate3,1.085710102866939,24.615315705495046,"LINESTRING (-122.2935066 47.6609936,-122.283415 47.6560168)"
10,B5,29,Gate4,2.7470878797236606,235.48549039769577,"LINESTRING (-122.2935066 47.6609936,-122.3148263 47.642125)"
11,C1,1,A1,0.8469481386815927,0.8424397142497965,"LINESTRING (-122.3350968 47.6558086,-122.3347924 47.6645809)"
11,C1,2,A2,1.2433124417309576,0.9762296816530519,"LINESTRING (-122.3350968 47.6558086,-122.3257881 47.6647182)"
11,C1,3,A3,2.1391159896556244,1.5463348524846212,"LINESTRING (-122.3350968 47.6558086,-122.3148683 47.6648797)"
11,C1,4,A4,3.0576029728050664,1.5744415794992912,"LINESTRING (-122.3350968 47.6558086,-122.3048193 47.6651586)"
11,C1,5,A5,4.021964692063551,1.2246337145322927,"LINESTRING (-122.3350968 47.6558086,-122.2943942 47.6647943)"
11,C1,6,B1,0.46383715959318317,2.2097997549660224,"LINESTRING (-122.3350968 47.6558086,-122.3345209 47.6605811)"
11,C1,7,B2,1.0337505946276189,1.8820140330382369,"LINESTRING (-122.3350968 47.6558086,-122.325519 47.6606093)"
11,C1,8,B3,1.9745876225849723,3.00541708414685,"LINESTRING (-122.3350968 47.6558086,-122.3151817 47.660517)"
11,C1,9,B4,2.9679437310156156,1.973048594789394,"LINESTRING (-122.3350968 47.6558086,-122.3047029 47.6605345)"
11,C1,10,B5,4.044105662203723,2.4568113399546783,"LINESTRING (-122.3350968 47.6558086,-122.2935066 47.6609936)"
11,C1,11,C1,0.0,0.0,"LINESTRING (-122.3350968 47.6558086,-122.3350968 47.6558086)"
11,C1,12,C2,0.9431615247688325,1.8465977650186087,"LINESTRING (-122.3350968 47.6558086,-122.3253243 47.6560149)"
11,C1,13,C3,1.9496352722070303,1.846317150560106,"LINESTRING (-122.3350968 47.6558086,-122.3148916 47.6559348)"
11,C1,14,C4,2.921440866781364,3.646605902166345,"LINESTRING (-122.3350968 47.6558086,-122.3048201 47.6559651)"
11,C1,15,C5,4.017047036116893,0.19004779443291767,"LINESTRING (-122.3350968 47.6558086,-122.2934898 47.6572427)"
11,C1,16,D1,0.4312236058071353,1.5437728714613748,"LINESTRING (-122.3350968 47.6558086,-122.3352917 47.6513437)"
11,C1,17,D2,1.0945466755430173,0.927057065669102,"LINESTRING (-122.3350968 47.6558086,-122.3246096 47.6514846)"
11,C1,18,D3,2.089592088878145,1.241238322848468,"LINESTRING (-122.3350968 47.6558086,-122.3138341 47.6516996)"
11,C1,19,D4,2.9081227499478093,1.1527507651504096,"LINESTRING (-122.3350968 47.6558086,-122.305244 47.6516642)"
11,C1,20,D5,3.5218331578179143,0.0,"LINESTRING (-122.3350968 47.6558086,-122.2989995 47.6504055)"
11,C1,21,E1,0.8124039366458793,1.0825546769726497,"LINESTRING (-122.3350968 47.6558086,-122.3359803 47.6474355)"
11,C1,22,E2,1.3934085815626915,0.35990251966612063,"LINESTRING (-122.3350968 47.6558086,-122.3228057 47.6482276)"
11,C1,23,E3,1.829871097514051,0.18446096779323717,"LINESTRING (-122.3350968 47.6558086,-122.3177506 47.6481432)"
11,C1,24,E4,3.0806990058196733,0.8065034435373858,"LINESTRING (-122.3350968 47.6558086,-122.3040097 47.6485309)"
11,C1,25,E5,4.071042964863531,0.0,"LINESTRING (-122.3350968 47.6558086,-122.2938875 47.6467586)"
11,C1,26,Gate1,1.075153273831524,29.252853089476453,"LINESTRING (-122.3350968 47.6558086,-122.3462375 47.6560168)"
11,C1,27,Gate2,2.382550871061673,638.4837978433825,"LINESTRING (-122.3350968 47.6558086,-122.3148263 47.6699086)"
11,C1,28,Gate3,4.986817905796541,35.86549536848928,"LINESTRING (-122.3350968 47.6558086,-122.283415 47.6560168)"
11,C1,29,Gate4,2.359838779121589,601.2761412668909,"LINESTRING (-122.3350968 47.6558086,-122.3148263 47.642125)"
12,C2,1,A1,1.2319839096662932,0.64909515753784,"LINESTRING (-122.3253243 47.6560149,-122.3347924 47.6645809)"
12,C2,2,A2,0.8409750428478541,0.8414581612890206,"LINESTRING (-122.3253243 47.6560149,-122.3257881 47.6647182)"
12,C2,3,A3,1.3226951436469814,1.405022285413969,"LINESTRING (-122.3253243 47.6560149,-122.3148683 47.6648797)"
12,C2,4,A4,2.1663218578895194,1.4398683713381089,"LINESTRING (-122.3253243 47.6560149,-122.3048193 47.6651586)"
12,C2,5,A5,3.1023438732077095,1.1219619114728776,"LINESTRING (-122.3253243 47.6560149,-122.2943942 47.6647943)"
12,C2,6,B1,0.9907398402357672,1.660379117737948,"LINESTRING (-122.3253243 47.6560149,-122.3345209 47.6605811)"
12,C2,7,B2,0.44370716567558194,1.6752543017835826,"LINESTRING (-122.3253243 47.6560149,-122.325519 47.6606093)"
12,C2,8,B3,1.0707401596821349,2.7675466386387493,"LINESTRING (-122.3253243 47.6560149,-122.3151817 47.660517)"
12,C2,9,B4,2.036981306628425,1.8143870534084285,"LINESTRING (-122.3253243 47.6560149,-122.3047029 47.6605345)"
12,C2,10,B5,3.10744582744227,2.255731042999877,"LINESTRING (-122.3253243 47.6560149,-122.2935066 47.6609936)"
12,C2,11,C1,0.9431615247688325,1.1840300289822194,"LINESTRING (-122.3253243 47.6560149,-122.3350968 47.6558086)"
12,C2,12,C2,0.0,0.0,"LINESTRING (-122.3253243 47.6560149,-122.3253243 47.6560149)"
12,C2,13,C3,1.0066756003642903,1.710059558126557,"LINESTRING (-122.3253243 47.6560149,-122.3148916 47.6559348)"
12,C2,14,C4,1.9784563431466489,3.3592260265141634,"LINESTRING (-122.3253243 47.6560149,-122.3048201 47.6559651)"
12,C2,15,C5,3.07399522602872,0.17464473038417933,"LINESTRING (-122.3253243 47.6560149,-122.2934898 47.6572427)"
12,C2,16,D1,1.0621324385107014,1.1419426187783766,"LINESTRING (-122.3253243 47.6560149,-122.3352917 47.6513437)"
12,C2,17,D2,0.4425370541232967,0.8325182886550199,"LINESTRING (-122.3253243 47.6560149,-122.3246096 47.6514846)"
12,C2,18,D3,1.1842942867365864,1.1421918031259333,"LINESTRING (-122.3253243 47.6560149,-122.3138341 47.6516996)"
12,C2,19,D4,1.982502980709681,1.0594995726939256,"LINESTRING (-122.3253243 47.6560149,-122.305244 47.6516642)"
12,C2,20,D5,2.597106911821149,0.0,"LINESTRING (-122.3253243 47.6560149,-122.2989995 47.6504055)"
12,C2,21,E1,1.3200378495827207,0.8198022011404807,"LINESTRING (-122.3253243 47.6560149,-122.3359803 47.6474355)"
12,C2,22,E2,0.7897163787148876,0.31912264647967187,"LINESTRING (-122.3253243 47.6560149,-122.3228057 47.6482276)"
12,C2,23,E3,1.0540108899665732,0.16700654460901548,"LINESTRING (-122.3253243 47.6560149,-122.3177506 47.6481432)"
12,C2,24,E4,2.1797413883731958,0.7384670001047113,"LINESTRING (-122.3253243 47.6560149,-122.3040097 47.6485309)"
12,C2,25,E5,3.1620922241670097,0.0,"LINESTRING (-122.3253243 47.6560149,-122.2938875 47.6467586)"
12,C2,26,Gate1,2.0179169552991505,20.937809320056985,"LINESTRING (-122.3253243 47.6560149,-122.3462375 47.6560168)"
12,C2,27,Gate2,1.6802619398709806,570.5459643828003,"LINESTRING (-122.3253243 47.6560149,-122.3148263 47.6699086)"
12,C2,28,Gate3,4.043826081653112,32.92022749578554,"LINESTRING (-122.3253243 47.6560149,-122.283415 47.6560168)"
12,C2,29,Gate4,1.679975702028013,535.7165479309336,"LINESTRING (-122.3253243 47.6560149,-122.3148263 47.642125)"
13,C3,1,A1,2.0936269539540215,0.6293482164742278,"LINESTRING (-122.3148916 47.6559348,-122.3347924 47.6645809)"
13,C3,2,A2,1.3504563185132736,0.8529409303211802,"LINESTRING (-122.3148916 47.6559348,-122.3257881 47.6647182)"
13,C3,3,A3,0.8631021430164486,1.6336452914072221,"LINESTRING (-122.3148916 47.6559348,-122.3148683 47.6648797)"
13,C3,4,A4,1.3178202702539388,1.7586585759509585,"LINESTRING (-122.3148916 47.6559348,-122.3048193 47.6651586)"
13,C3,5,A5,2.154639944601816,1.3835187113193408,"LINESTRING (-122.3148916 47.6559348,-122.2943942 47.6647943)"
13,C3,6,B1,1.946365077943238,1.586755928030963,"LINESTRING (-122.3148916 47.6559348,-122.3345209 47.6605811)"
13,C3,7,B2,1.1202519775567323,1.6485893749714084,"LINESTRING (-122.3148916 47.6559348,-122.325519 47.6606093)"
13,C3,8,B3,0.4430216802986762,3.3151844443231173,"LINESTRING (-122.3148916 47.6559348,-122.3151817 47.660517)"
13,C3,9,B4,1.0786486936357174,2.252477507912203,"LINESTRING (-122.3148916 47.6559348,-122.3047029 47.6605345)"
13,C3,10,B5,2.120391855738555,2.7960806449437414,"LINESTRING (-122.3148916 47.6559348,-122.2935066 47.6609936)"
13,C3,11,C1,1.9496352722070303,1.123329836881558,"LINESTRING (-122.3148916 47.6559348,-122.3350968 47.6558086)"
13,C3,12,C2,1.0066756003642903,1.6226386465981073,"LINESTRING (-122.3148916 47.6559348,-122.3253243 47.6560149)"
13,C3,13,C3,0.0,0.0,"LINESTRING (-122.3148916 47.6559348,-122.3148916 47.6559348)"
13,C3,14,C4,0.9718089945574544,4.201490724737478,"LINESTRING (-122.3148916 47.6559348,-122.3048201 47.6559651)"
13,C3,15,C5,2.0689183208022563,0.2170201524152963,"LINESTRING (-122.3148916 47.6559348,-122.2934898 47.6572427)"
13,C3,16,D1,2.0176333349325084,1.0920582715139242,"LINESTRING (-122.3148916 47.6559348,-122.3352917 47.6513437)"
13,C3,17,D2,1.0313307054703302,0.8294848681302741,"LINESTRING (-122.3148916 47.6559348,-122.3246096 47.6514846)"
13,C3,18,D3,0.4211953951016049,1.3953973880154236,"LINESTRING (-122.3148916 47.6559348,-122.3138341 47.6516996)"
13,C3,19,D4,1.0180254461863751,1.3171235812818032,"LINESTRING (-122.3148916 47.6559348,-122.305244 47.6516642)"
13,C3,20,D5,1.6235967400125875,0.0,"LINESTRING (-122.3148916 47.6559348,-122.2989995 47.6504055)"
13,C3,21,E1,2.1938921341028914,0.7940223398440588,"LINESTRING (-122.3148916 47.6559348,-122.3359803 47.6474355)"
13,C3,22,E2,1.0659108797789205,0.33405253489323034,"LINESTRING (-122.3148916 47.6559348,-122.3228057 47.6482276)"
13,C3,23,E3,0.8008202410612815,0.1887385640065046,"LINESTRING (-122.3148916 47.6559348,-122.3177506 47.6481432)"
13,C3,24,E4,1.2699878606071857,0.909570940342768,"LINESTRING (-122.3148916 47.6559348,-122.3040097 47.6485309)"
13,C3,25,E5,2.2116555039623496,0.0,"LINESTRING (-122.3148916 47.6559348,-122.2938875 47.6467586)"
13,C3,26,Gate1,3.02457318970426,19.992090056294984,"LINESTRING (-122.3148916 47.6559348,-122.3462375 47.6560168)"
13,C3,27,Gate2,1.3483469801018289,650.351897627235,"LINESTRING (-122.3148916 47.6559348,-122.3148263 47.6699086)"
13,C3,28,Gate3,3.037190497337699,40.82609855053997,"LINESTRING (-122.3148916 47.6559348,-122.283415 47.6560168)"
13,C3,29,Gate4,1.3325201113270333,611.9614522015611,"LINESTRING (-122.3148916 47.6559348,-122.3148263 47.642125)"
14,C4,1,A1,3.009150224201474,1.3865817990657843,"LINESTRING (-122.3048201 47.6559651,-122.3347924 47.6645809)"
14,C4,2,A2,2.192420327211145,1.8916678185283309,"LINESTRING (-122.3048201 47.6559651,-122.3257881 47.6647182)"
14,C4,3,A3,1.2961245073155472,3.815977415376821,"LINESTRING (-122.3048201 47.6559651,-122.3148683 47.6648797)"
14,C4,4,A4,0.8870813444245578,4.642369470790669,"LINESTRING (-122.3048201 47.6559651,-122.3048193 47.6651586)"
14,C4,5,A5,1.3182628049260823,3.846283357489559,"LINESTRING (-122.3048201 47.6559651,-122.2943942 47.6647943)"
14,C4,6,B1,2.900238170345916,3.4769844125857685,"LINESTRING (-122.3048201 47.6559651,-122.3345209 47.6605811)"
14,C4,7,B2,2.046898474347365,3.609841077650025,"LINESTRING (-122.3048201 47.6559651,-122.325519 47.6606093)"
14,C4,8,B3,1.0920107000107833,7.466461395125643,"LINESTRING (-122.3048201 47.6559651,-122.3151817 47.660517)"
14,C4,9,B4,0.4410531591130072,6.160251872973542,"LINESTRING (-122.3048201 47.6559651,-122.3047029 47.6605345)"
14,C4,10,B5,1.1946108345979092,7.8722353178947015,"LINESTRING (-122.3048201 47.6559651,-122.2935066 47.6609936)"
14,C4,11,C1,2.921440866781364,2.455801718433033,"LINESTRING (-122.3048201 47.6559651,-122.3350968 47.6558086)"
14,C4,12,C2,1.9784563431466489,3.5282007134488014,"LINESTRING (-122.3048201 47.6559651,-122.3253243 47.6560149)"
14,C4,13,C3,0.9718089945574544,4.650577509637463,"LINESTRING (-122.3048201 47.6559651,-122.3148916 47.6559348)"
14,C4,14,C4,0.0,0.0,"LINESTRING (-122.3048201 47.6559651,-122.3048201 47.6559651)"
14,C4,15,C5,1.1001896887386786,0.6149564279929086,"LINESTRING (-122.3048201 47.6559651,-122.2934898 47.6572427)"
14,C4,16,D1,2.9738274327813423,2.392815205098238,"LINESTRING (-122.3048201 47.6559651,-122.3352917 47.6513437)"
14,C4,17,D2,1.9578218559099594,1.8149324239139342,"LINESTRING (-122.3048201 47.6559651,-122.3246096 47.6514846)"
14,C4,18,D3,0.9622297975906683,3.1895683405751285,"LINESTRING (-122.3048201 47.6559651,-122.3138341 47.6516996)"
14,C4,19,D4,0.4170033005845807,3.5858774852965687,"LINESTRING (-122.3048201 47.6559651,-122.305244 47.6516642)"
14,C4,20,D5,0.7766603153032561,0.0,"LINESTRING (-122.3048201 47.6559651,-122.2989995 47.6504055)"
14,C4,21,E1,3.1172614087195587,1.7481062421158877,"LINESTRING (-122.3048201 47.6559651,-122.3359803 47.6474355)"
14,C4,22,E2,1.889213064321227,0.7412679752662813,"LINESTRING (-122.3048201 47.6559651,-122.3228057 47.6482276)"
14,C4,23,E3,1.4581822295655975,0.4272194420209347,"LINESTRING (-122.3048201 47.6559651,-122.3177506 47.6481432)"
14,C4,24,E4,0.7215723648701178,2.4442935173672122,"LINESTRING (-122.3048201 47.6559651,-122.3040097 47.6485309)"
14,C4,25,E5,1.3790999184493349,0.0,"LINESTRING (-122.3048201 47.6559651,-122.2938875 47.6467586)"
14,C4,26,Gate1,3.996370555635777,43.8164799484829,"LINESTRING (-122.3048201 47.6559651,-122.3462375 47.6560168)"
14,C4,27,Gate2,1.6559923798777707,1548.9607525234394,"LINESTRING (-122.3048201 47.6559651,-122.3148263 47.6699086)"
14,C4,28,Gate3,2.065381617869438,115.16237723558793,"LINESTRING (-122.3048201 47.6559651,-122.283415 47.6560168)"
14,C4,29,Gate4,1.6478921117656704,1455.9396067944251,"LINESTRING (-122.3048201 47.6559651,-122.3148263 47.642125)"
15,C5,1,A1,4.047706315453068,0.3476137434825319,"LINESTRING (-122.2934898 47.6572427,-122.3347924 47.6645809)"
15,C5,2,A2,3.19885477644789,0.4753418898660636,"LINESTRING (-122.2934898 47.6572427,-122.3257881 47.6647182)"
15,C5,3,A3,2.190485240650832,0.9693426666126311,"LINESTRING (-122.2934898 47.6572427,-122.3148683 47.6648797)"
15,C5,4,A4,1.3335887067718846,1.2489684513006736,"LINESTRING (-122.2934898 47.6572427,-122.3048193 47.6651586)"
15,C5,5,A5,0.7338606322260092,1.1982607492171926,"LINESTRING (-122.2934898 47.6572427,-122.2943942 47.6647943)"
15,C5,6,B1,3.972177256832006,0.867789378937095,"LINESTRING (-122.2934898 47.6572427,-122.3345209 47.6605811)"
15,C5,7,B2,3.1075297881454578,0.9003455648592378,"LINESTRING (-122.2934898 47.6572427,-122.325519 47.6606093)"
15,C5,8,B3,2.1167604195080267,1.861359180128444,"LINESTRING (-122.2934898 47.6572427,-122.3151817 47.660517)"
15,C5,9,B4,1.1276196837602044,1.5921150137404414,"LINESTRING (-122.2934898 47.6572427,-122.3047029 47.6605345)"
15,C5,10,B5,0.3619280089087654,2.559500114193567,"LINESTRING (-122.2934898 47.6572427,-122.2935066 47.6609936)"
15,C5,11,C1,4.017047036116893,0.6110916294355087,"LINESTRING (-122.2934898 47.6572427,-122.3350968 47.6558086)"
15,C5,12,C2,3.07399522602872,0.875807330186429,"LINESTRING (-122.2934898 47.6572427,-122.3253243 47.6560149)"
15,C5,13,C3,2.0689183208022563,1.1469449532050549,"LINESTRING (-122.2934898 47.6572427,-122.3148916 47.6559348)"
15,C5,14,C4,1.1001896887386786,2.9361847463874757,"LINESTRING (-122.2934898 47.6572427,-122.3048201 47.6559651)"
15,C5,15,C5,0.0,0.0,"LINESTRING (-122.2934898 47.6572427,-122.2934898 47.6572427)"
15,C5,16,D1,4.0734304149475875,0.5951713245649458,"LINESTRING (-122.2934898 47.6572427,-122.3352917 47.6513437)"
15,C5,17,D2,3.053723141921783,0.4504668092968439,"LINESTRING (-122.2934898 47.6572427,-122.3246096 47.6514846)"
15,C5,18,D3,2.034587048338892,0.7891310112797187,"LINESTRING (-122.2934898 47.6572427,-122.3138341 47.6516996)"
15,C5,19,D4,1.2554151752500315,0.9066519163982129,"LINESTRING (-122.2934898 47.6572427,-122.305244 47.6516642)"
15,C5,20,D5,0.8472705539655105,0.0,"LINESTRING (-122.2934898 47.6572427,-122.2989995 47.6504055)"
15,C5,21,E1,4.207703557080689,0.43542912069335765,"LINESTRING (-122.2934898 47.6572427,-122.3359803 47.6474355)"
15,C5,22,E2,2.9594234546211395,0.18454936028167362,"LINESTRING (-122.2934898 47.6572427,-122.3228057 47.6482276)"
15,C5,23,E3,2.5001708947640076,0.1065396423686859,"LINESTRING (-122.2934898 47.6572427,-122.3177506 47.6481432)"
15,C5,24,E4,1.3179403961124787,0.6430854506028999,"LINESTRING (-122.2934898 47.6572427,-122.3040097 47.6485309)"
15,C5,25,E5,1.0123386025843775,0.0,"LINESTRING (-122.2934898 47.6572427,-122.2938875 47.6467586)"
15,C5,26,Gate1,5.09100295141938,10.921089912941126,"LINESTRING (-122.2934898 47.6572427,-122.3462375 47.6560168)"
15,C5,27,Gate2,2.394178119042195,402.35596782840395,"LINESTRING (-122.2934898 47.6572427,-122.3148263 47.6699086)"
15,C5,28,Gate3,0.9792844476832016,38.28374318923385,"LINESTRING (-122.2934898 47.6572427,-122.283415 47.6560168)"
15,C5,29,Gate4,2.5231528974647532,371.44349365082405,"LINESTRING (-122.2934898 47.6572427,-122.3148263 47.642125)"
16,D1,1,A1,1.2781603301264242,0.6155488612545298,"LINESTRING (-122.3352917 47.6513437,-122.3347924 47.6645809)"
16,D1,2,A2,1.5831279182447604,0.7238253912295003,"LINESTRING (-122.3352917 47.6513437,-122.3257881 47.6647182)"
16,D1,3,A3,2.3641780547312954,1.1661249057111542,"LINESTRING (-122.3352917 47.6513437,-122.3148683 47.6648797)"
16,D1,4,A4,3.2283284493401116,1.1963758160950533,"LINESTRING (-122.3352917 47.6513437,-122.3048193 47.6651586)"
16,D1,5,A5,4.154144218236527,0.9354000928441993,"LINESTRING (-122.3352917 47.6513437,-122.2943942 47.6647943)"
16,D1,6,B1,0.8944074784789187,1.6068749538066784,"LINESTRING (-122.3352917 47.6513437,-122.3345209 47.6605811)"
16,D1,7,B2,1.2994122123507146,1.4085683363216146,"LINESTRING (-122.3352917 47.6513437,-122.325519 47.6606093)"
16,D1,8,B3,2.1327605264892373,2.286225058590748,"LINESTRING (-122.3352917 47.6513437,-122.3151817 47.660517)"
16,D1,9,B4,3.081857611419799,1.5102833181040436,"LINESTRING (-122.3352917 47.6513437,-122.3047029 47.6605345)"
16,D1,10,B5,4.137963480799014,1.885782780438403,"LINESTRING (-122.3352917 47.6513437,-122.2935066 47.6609936)"
16,D1,11,C1,0.4312236058071353,1.2224965220470034,"LINESTRING (-122.3352917 47.6513437,-122.3350968 47.6558086)"
16,D1,12,C2,1.0621324385107014,1.4103214059557907,"LINESTRING (-122.3352917 47.6513437,-122.3253243 47.6560149)"
16,D1,13,C3,2.0176333349325084,1.4213762339513882,"LINESTRING (-122.3352917 47.6513437,-122.3148916 47.6559348)"
16,D1,14,C4,2.9738274327813423,2.8136425220752277,"LINESTRING (-122.3352917 47.6513437,-122.3048201 47.6559651)"
16,D1,15,C5,4.0734304149475875,0.1465759524771661,"LINESTRING (-122.3352917 47.6513437,-122.2934898 47.6572427)"
16,D1,16,D1,0.0,0.0,"LINESTRING (-122.3352917 47.6513437,-122.3352917 47.6513437)"
16,D1,17,D2,1.0308022077820562,0.7267175057346865,"LINESTRING (-122.3352917 47.6513437,-122.3246096 47.6514846)"
16,D1,18,D3,2.0707236109936282,0.966662213737828,"LINESTRING (-122.3352917 47.6513437,-122.3138341 47.6516996)"
16,D1,19,D4,2.8994661551125462,0.896513000062985,"LINESTRING (-122.3352917 47.6513437,-122.305244 47.6516642)"
16,D1,20,D5,3.5030055551185573,0.0,"LINESTRING (-122.3352917 47.6513437,-122.2989995 47.6504055)"
16,D1,21,E1,0.38291444201716773,0.90003348977903,"LINESTRING (-122.3352917 47.6513437,-122.3359803 47.6474355)"
16,D1,22,E2,1.2417228746467142,0.2855101830304671,"LINESTRING (-122.3352917 47.6513437,-122.3228057 47.6482276)"
16,D1,23,E3,1.7204779383269753,0.14541739394861955,"LINESTRING (-122.3352917 47.6513437,-122.3177506 47.6481432)"
16,D1,24,E4,3.0305800538993966,0.6306070476698292,"LINESTRING (-122.3352917 47.6513437,-122.3040097 47.6485309)"
16,D1,25,E5,4.019513013782998,0.0,"LINESTRING (-122.3352917 47.6513437,-122.2938875 47.6467586)"
16,D1,26,Gate1,1.1483854384781358,22.491416649568816,"LINESTRING (-122.3352917 47.6513437,-122.3462375 47.6560168)"
16,D1,27,Gate2,2.6661417231669207,477.92197488833546,"LINESTRING (-122.3352917 47.6513437,-122.3148263 47.6699086)"
16,D1,28,Gate3,5.025849476664245,27.724069305586923,"LINESTRING (-122.3352917 47.6513437,-122.283415 47.6560168)"
16,D1,29,Gate4,2.165807174755527,479.20010446277865,"LINESTRING (-122.3352917 47.6513437,-122.3148263 47.642125)"
17,D2,1,A1,1.6006945453863093,0.21288072908442393,"LINESTRING (-122.3246096 47.6514846,-122.3347924 47.6645809)"
17,D2,2,A2,1.281968056536222,0.2726537639075936,"LINESTRING (-122.3246096 47.6514846,-122.3257881 47.6647182)"
17,D2,3,A3,1.598134872490848,0.46679323528015626,"LINESTRING (-122.3246096 47.6514846,-122.3148683 47.6648797)"
17,D2,4,A4,2.3210471545340576,0.4866943861741525,"LINESTRING (-122.3246096 47.6514846,-122.3048193 47.6651586)"
17,D2,5,A5,3.185810097038277,0.3829012747122832,"LINESTRING (-122.3246096 47.6514846,-122.2943942 47.6647943)"
17,D2,6,B1,1.2980661352155793,0.5485820707651246,"LINESTRING (-122.3246096 47.6514846,-122.3345209 47.6605811)"
17,D2,7,B2,0.8848025791479712,0.539909694134193,"LINESTRING (-122.3246096 47.6514846,-122.325519 47.6606093)"
17,D2,8,B3,1.2598155411733336,0.9297802889946131,"LINESTRING (-122.3246096 47.6514846,-122.3151817 47.660517)"
17,D2,9,B4,2.109971811391801,0.6199020004813509,"LINESTRING (-122.3246096 47.6514846,-122.3047029 47.6605345)"
17,D2,10,B5,3.13825411661568,0.7750930025280179,"LINESTRING (-122.3246096 47.6514846,-122.2935066 47.6609936)"
17,D2,11,C1,1.0945466755430173,0.39974306858421593,"LINESTRING (-122.3246096 47.6514846,-122.3350968 47.6558086)"
17,D2,12,C2,0.4425370541232967,0.5598579442387731,"LINESTRING (-122.3246096 47.6514846,-122.3253243 47.6560149)"
17,D2,13,C3,1.0313307054703302,0.5878708839773233,"LINESTRING (-122.3246096 47.6514846,-122.3148916 47.6559348)"
17,D2,14,C4,1.9578218559099594,1.1620651171270238,"LINESTRING (-122.3246096 47.6514846,-122.3048201 47.6559651)"
17,D2,15,C5,3.053723141921783,0.06040790440334404,"LINESTRING (-122.3246096 47.6514846,-122.2934898 47.6572427)"
17,D2,16,D1,1.0308022077820562,0.39570894556972314,"LINESTRING (-122.3246096 47.6514846,-122.3352917 47.6513437)"
17,D2,17,D2,0.0,0.0,"LINESTRING (-122.3246096 47.6514846,-122.3246096 47.6514846)"
17,D2,18,D3,1.0399332578689808,0.4021402527537375,"LINESTRING (-122.3246096 47.6514846,-122.3138341 47.6516996)"
17,D2,19,D4,1.868669032863403,0.37110186488406827,"LINESTRING (-122.3246096 47.6514846,-122.305244 47.6516642)"
17,D2,20,D5,2.4733156415106583,0.0,"LINESTRING (-122.3246096 47.6514846,-122.2989995 47.6504055)"
17,D2,21,E1,1.1646469899900105,0.28899846734955964,"LINESTRING (-122.3246096 47.6514846,-122.3359803 47.6474355)"
17,D2,22,E2,0.3592467066440835,0.11792123821674647,"LINESTRING (-122.3246096 47.6514846,-122.3228057 47.6482276)"
17,D2,23,E3,0.7361768747395079,0.06034298524538756,"LINESTRING (-122.3246096 47.6514846,-122.3177506 47.6481432)"
17,D2,24,E4,2.008017988560114,0.26062430454281305,"LINESTRING (-122.3246096 47.6514846,-122.3040097 47.6485309)"
17,D2,25,E5,2.9992472735388156,0.0,"LINESTRING (-122.3246096 47.6514846,-122.2938875 47.6467586)"
17,D2,26,Gate1,2.132201403367067,7.114522946191144,"LINESTRING (-122.3246096 47.6514846,-122.3462375 47.6560168)"
17,D2,27,Gate2,2.012822532622848,188.25875717560675,"LINESTRING (-122.3246096 47.6514846,-122.3148263 47.6699086)"
17,D2,28,Gate3,3.9988531867763637,11.422476011712556,"LINESTRING (-122.3246096 47.6514846,-122.283415 47.6560168)"
17,D2,29,Gate4,1.3064208414288452,194.47868556084023,"LINESTRING (-122.3246096 47.6514846,-122.3148263 47.642125)"
18,D3,1,A1,2.3736871199553526,0.45209158000397315,"LINESTRING (-122.3138341 47.6516996,-122.3347924 47.6645809)"
18,D3,2,A2,1.7053961972996756,0.6057843029430471,"LINESTRING (-122.3138341 47.6516996,-122.3257881 47.6647182)"
18,D3,3,A3,1.2756569667211883,1.1484513390181679,"LINESTRING (-122.3138341 47.6516996,-122.3148683 47.6648797)"
18,D3,4,A4,1.5630479164956825,1.2676104170663343,"LINESTRING (-122.3138341 47.6516996,-122.3048193 47.6651586)"
18,D3,5,A5,2.261621184572112,1.0168001429211613,"LINESTRING (-122.3138341 47.6516996,-122.2943942 47.6647943)"
18,D3,6,B1,2.172251641666491,1.1478262871626348,"LINESTRING (-122.3138341 47.6516996,-122.3345209 47.6605811)"
18,D3,7,B2,1.4178407396314219,1.1791140428816764,"LINESTRING (-122.3138341 47.6516996,-122.325519 47.6606093)"
18,D3,8,B3,0.8606638476584324,2.316413219596201,"LINESTRING (-122.3138341 47.6516996,-122.3151817 47.660517)"
18,D3,9,B4,1.2259704762725998,1.6446178811030296,"LINESTRING (-122.3138341 47.6516996,-122.3047029 47.6605345)"
18,D3,10,B5,2.156690588334935,2.0741943997927836,"LINESTRING (-122.3138341 47.6516996,-122.2935066 47.6609936)"
18,D3,11,C1,2.089592088878145,0.821892655361301,"LINESTRING (-122.3138341 47.6516996,-122.3350968 47.6558086)"
18,D3,12,C2,1.1842942867365864,1.179528805801105,"LINESTRING (-122.3138341 47.6516996,-122.3253243 47.6560149)"
18,D3,13,C3,0.4211953951016049,1.5186470081983372,"LINESTRING (-122.3138341 47.6516996,-122.3148916 47.6559348)"
18,D3,14,C4,0.9622297975906683,3.136081692590155,"LINESTRING (-122.3138341 47.6516996,-122.3048201 47.6559651)"
18,D3,15,C5,2.034587048338892,0.16250455293149674,"LINESTRING (-122.3138341 47.6516996,-122.2934898 47.6572427)"
18,D3,16,D1,2.0707236109936282,0.8082960172532584,"LINESTRING (-122.3138341 47.6516996,-122.3352917 47.6513437)"
18,D3,17,D2,1.0399332578689808,0.6175370183310755,"LINESTRING (-122.3138341 47.6516996,-122.3246096 47.6514846)"
18,D3,18,D3,0.0,0.0,"LINESTRING (-122.3138341 47.6516996,-122.3138341 47.6516996)"
18,D3,19,D4,0.8288695037005119,1.0090264735968226,"LINESTRING (-122.3138341 47.6516996,-122.305244 47.6516642)"
18,D3,20,D5,1.4368332574475307,0.0,"LINESTRING (-122.3138341 47.6516996,-122.2989995 47.6504055)"
18,D3,21,E1,2.1761359211595943,0.5932503785740196,"LINESTRING (-122.3138341 47.6516996,-122.3359803 47.6474355)"
18,D3,22,E2,0.9282326193127691,0.2539550146900845,"LINESTRING (-122.3138341 47.6516996,-122.3228057 47.6482276)"
18,D3,23,E3,0.5104576565180936,0.14711908588940045,"LINESTRING (-122.3138341 47.6516996,-122.3177506 47.6481432)"
18,D3,24,E4,0.996051393752767,0.7046384605601715,"LINESTRING (-122.3138341 47.6516996,-122.3040097 47.6485309)"
18,D3,25,E5,1.982822677155434,0.0,"LINESTRING (-122.3138341 47.6516996,-122.2938875 47.6467586)"
18,D3,26,Gate1,3.1542275993678324,14.653923671381015,"LINESTRING (-122.3138341 47.6516996,-122.3462375 47.6560168)"
18,D3,27,Gate2,1.759587125842198,458.4106773072838,"LINESTRING (-122.3138341 47.6516996,-122.3148263 47.6699086)"
18,D3,28,Gate3,2.9645554479282614,30.71951650060306,"LINESTRING (-122.3138341 47.6516996,-122.283415 47.6560168)"
18,D3,29,Gate4,0.9288025774458613,482.8488023024823,"LINESTRING (-122.3138341 47.6516996,-122.3148263 47.642125)"
19,D4,1,A1,3.1116362120436563,0.48141364877416254,"LINESTRING (-122.305244 47.6516642,-122.3347924 47.6645809)"
19,D4,2,A2,2.348633847214237,0.6519898266978684,"LINESTRING (-122.305244 47.6516642,-122.3257881 47.6647182)"
19,D4,3,A3,1.577480546695007,1.2918388249725201,"LINESTRING (-122.305244 47.6516642,-122.3148683 47.6648797)"
19,D4,4,A4,1.3027181749385994,1.5400605735899275,"LINESTRING (-122.305244 47.6516642,-122.3048193 47.6651586)"
19,D4,5,A5,1.643502038592282,1.294465950884584,"LINESTRING (-122.305244 47.6516642,-122.2943942 47.6647943)"
19,D4,6,B1,2.9530481943943188,1.2149640027594484,"LINESTRING (-122.305244 47.6516642,-122.3345209 47.6605811)"
19,D4,7,B2,2.13827595463871,1.2547752191789427,"LINESTRING (-122.305244 47.6516642,-122.325519 47.6606093)"
19,D4,8,B3,1.28418373071717,2.5572883434518596,"LINESTRING (-122.305244 47.6516642,-122.3151817 47.660517)"
19,D4,9,B4,0.8574912638336205,2.031967386964965,"LINESTRING (-122.305244 47.6516642,-122.3047029 47.6605345)"
19,D4,10,B5,1.446721734096556,2.6748904649118095,"LINESTRING (-122.305244 47.6516642,-122.2935066 47.6609936)"
19,D4,11,C1,2.9081227499478093,0.8655314206861124,"LINESTRING (-122.305244 47.6516642,-122.3350968 47.6558086)"
19,D4,12,C2,1.982502980709681,1.2406743216776768,"LINESTRING (-122.305244 47.6516642,-122.3253243 47.6560149)"
19,D4,13,C3,1.0180254461863751,1.6254475265618031,"LINESTRING (-122.305244 47.6516642,-122.3148916 47.6559348)"
19,D4,14,C4,0.4170033005845807,3.997959572773903,"LINESTRING (-122.305244 47.6516642,-122.3048201 47.6559651)"
19,D4,15,C5,1.2554151752500315,0.21171152572568086,"LINESTRING (-122.305244 47.6516642,-122.2934898 47.6572427)"
19,D4,16,D1,2.8994661551125462,0.8500408233987603,"LINESTRING (-122.305244 47.6516642,-122.3352917 47.6513437)"
19,D4,17,D2,1.868669032863403,0.6461987034436407,"LINESTRING (-122.305244 47.6516642,-122.3246096 47.6514846)"
19,D4,18,D3,0.8288695037005119,1.1441686825869688,"LINESTRING (-122.305244 47.6516642,-122.3138341 47.6516996)"
19,D4,19,D4,0.0,0.0,"LINESTRING (-122.305244 47.6516642,-122.305244 47.6516642)"
19,D4,20,D5,0.6146530105108216,0.0,"LINESTRING (-122.305244 47.6516642,-122.2989995 47.6504055)"
19,D4,21,E1,2.9936842970208026,0.6249695522067308,"LINESTRING (-122.305244 47.6516642,-122.3359803 47.6474355)"
19,D4,22,E2,1.726669804580694,0.2665494953152035,"LINESTRING (-122.305244 47.6516642,-122.3228057 47.6482276)"
19,D4,23,E3,1.2536759353074112,0.1546059925256443,"LINESTRING (-122.305244 47.6516642,-122.3177506 47.6481432)"
19,D4,24,E4,0.32494433417745355,0.917504832379668,"LINESTRING (-122.305244 47.6516642,-122.3040097 47.6485309)"
19,D4,25,E5,1.193652197768067,0.0,"LINESTRING (-122.305244 47.6516642,-122.2938875 47.6467586)"
19,D4,26,Gate1,3.977696472826648,15.453047000417097,"LINESTRING (-122.305244 47.6516642,-122.3462375 47.6560168)"
19,D4,27,Gate2,1.9884377518346892,521.2320617919634,"LINESTRING (-122.305244 47.6516642,-122.3148263 47.6699086)"
19,D4,28,Gate3,2.1477439827779583,40.07834210783424,"LINESTRING (-122.305244 47.6516642,-122.283415 47.6560168)"
19,D4,29,Gate4,1.3046336962619651,536.84243827386,"LINESTRING (-122.305244 47.6516642,-122.3148263 47.642125)"
20,D5,1,A1,3.7146501231558053,0.0,"LINESTRING (-122.2989995 47.6504055,-122.3347924 47.6645809)"
20,D5,2,A2,2.9306399982389006,0.0,"LINESTRING (-122.2989995 47.6504055,-122.3257881 47.6647182)"
20,D5,3,A3,2.0724564158607284,0.0,"LINESTRING (-122.2989995 47.6504055,-122.3148683 47.6648797)"
20,D5,4,A4,1.530286123876949,0.0,"LINESTRING (-122.2989995 47.6504055,-122.3048193 47.6651586)"
20,D5,5,A5,1.4577563440886934,0.0,"LINESTRING (-122.2989995 47.6504055,-122.2943942 47.6647943)"
20,D5,6,B1,3.5653216590795602,0.0,"LINESTRING (-122.2989995 47.6504055,-122.3345209 47.6605811)"
20,D5,7,B2,2.7417512290198003,0.0,"LINESTRING (-122.2989995 47.6504055,-122.325519 47.6606093)"
20,D5,8,B3,1.841178824526305,0.0,"LINESTRING (-122.2989995 47.6504055,-122.3151817 47.660517)"
20,D5,9,B4,1.1216422947640523,0.0,"LINESTRING (-122.2989995 47.6504055,-122.3047029 47.6605345)"
20,D5,10,B5,1.1509446329603232,0.0,"LINESTRING (-122.2989995 47.6504055,-122.2935066 47.6609936)"
20,D5,11,C1,3.5218331578179143,0.0,"LINESTRING (-122.2989995 47.6504055,-122.3350968 47.6558086)"
20,D5,12,C2,2.597106911821149,0.0,"LINESTRING (-122.2989995 47.6504055,-122.3253243 47.6560149)"
20,D5,13,C3,1.6235967400125875,0.0,"LINESTRING (-122.2989995 47.6504055,-122.3148916 47.6559348)"
20,D5,14,C4,0.7766603153032561,0.0,"LINESTRING (-122.2989995 47.6504055,-122.3048201 47.6559651)"
20,D5,15,C5,0.8472705539655105,0.0,"LINESTRING (-122.2989995 47.6504055,-122.2934898 47.6572427)"
20,D5,16,D1,3.5030055551185573,0.0,"LINESTRING (-122.2989995 47.6504055,-122.3352917 47.6513437)"
20,D5,17,D2,2.4733156415106583,0.0,"LINESTRING (-122.2989995 47.6504055,-122.3246096 47.6514846)"
20,D5,18,D3,1.4368332574475307,0.0,"LINESTRING (-122.2989995 47.6504055,-122.3138341 47.6516996)"
20,D5,19,D4,0.6146530105108216,0.0,"LINESTRING (-122.2989995 47.6504055,-122.305244 47.6516642)"
20,D5,20,D5,0.0,0.0,"LINESTRING (-122.2989995 47.6504055,-122.2989995 47.6504055)"
20,D5,21,E1,3.5797711062359854,0.0,"LINESTRING (-122.2989995 47.6504055,-122.3359803 47.6474355)"
20,D5,22,E2,2.306657010727061,0.0,"LINESTRING (-122.2989995 47.6504055,-122.3228057 47.6482276)"
20,D5,23,E3,1.8224194644476106,0.0,"LINESTRING (-122.2989995 47.6504055,-122.3177506 47.6481432)"
20,D5,24,E4,0.5161631334780155,0.0,"LINESTRING (-122.2989995 47.6504055,-122.3040097 47.6485309)"
20,D5,25,E5,0.6059087306484995,0.0,"LINESTRING (-122.2989995 47.6504055,-122.2938875 47.6467586)"
20,D5,26,Gate1,4.5900421235964215,0.0,"LINESTRING (-122.2989995 47.6504055,-122.3462375 47.6560168)"
20,D5,27,Gate2,2.423528869640948,0.0,"LINESTRING (-122.2989995 47.6504055,-122.3148263 47.6699086)"
20,D5,28,Gate3,1.5982514226800835,0.0,"LINESTRING (-122.2989995 47.6504055,-122.283415 47.6560168)"
20,D5,29,Gate4,1.723508762192418,0.0,"LINESTRING (-122.2989995 47.6504055,-122.3148263 47.642125)"
21,E1,1,A1,1.6583232244718074,0.3084054418442232,"LINESTRING (-122.3359803 47.6474355,-122.3347924 47.6645809)"
21,E1,2,A2,1.9359994631564845,0.36430494136164904,"LINESTRING (-122.3359803 47.6474355,-122.3257881 47.6647182)"
21,E1,3,A3,2.642520336388162,0.593387729239541,"LINESTRING (-122.3359803 47.6474355,-122.3148683 47.6648797)"
21,E1,4,A4,3.4590214062205633,0.612877545904329,"LINESTRING (-122.3359803 47.6474355,-122.3048193 47.6651586)"
21,E1,5,A5,4.348196105570676,0.4815748011097398,"LINESTRING (-122.3359803 47.6474355,-122.2943942 47.6647943)"
21,E1,6,B1,1.2762080591878038,0.8033930221561848,"LINESTRING (-122.3359803 47.6474355,-122.3345209 47.6605811)"
21,E1,7,B2,1.6231751168136126,0.711179971500554,"LINESTRING (-122.3359803 47.6474355,-122.325519 47.6606093)"
21,E1,8,B3,2.3708081305230024,1.169264105422273,"LINESTRING (-122.3359803 47.6474355,-122.3151817 47.660517)"
21,E1,9,B4,3.2719344307356617,0.7777030861159248,"LINESTRING (-122.3359803 47.6474355,-122.3047029 47.6605345)"
21,E1,10,B5,4.302025924036966,0.9745829683657582,"LINESTRING (-122.3359803 47.6474355,-122.2935066 47.6609936)"
21,E1,11,C1,0.8124039366458793,0.607873302949913,"LINESTRING (-122.3359803 47.6474355,-122.3350968 47.6558086)"
21,E1,12,C2,1.3200378495827207,0.7179296638621305,"LINESTRING (-122.3359803 47.6474355,-122.3253243 47.6560149)"
21,E1,13,C3,2.1938921341028914,0.7328160295588209,"LINESTRING (-122.3359803 47.6474355,-122.3148916 47.6559348)"
21,E1,14,C4,3.1172614087195587,1.4575604809425928,"LINESTRING (-122.3359803 47.6474355,-122.3048201 47.6559651)"
21,E1,15,C5,4.207703557080689,0.07603914044164936,"LINESTRING (-122.3359803 47.6474355,-122.2934898 47.6572427)"
21,E1,16,D1,0.38291444201716773,0.6382012811792627,"LINESTRING (-122.3359803 47.6474355,-122.3352917 47.6513437)"
21,E1,17,D2,1.1646469899900105,0.3763433923927852,"LINESTRING (-122.3359803 47.6474355,-122.3246096 47.6514846)"
21,E1,18,D3,2.1761359211595943,0.5030849551150247,"LINESTRING (-122.3359803 47.6474355,-122.3138341 47.6516996)"
21,E1,19,D4,2.9936842970208026,0.4673848919115976,"LINESTRING (-122.3359803 47.6474355,-122.305244 47.6516642)"
21,E1,20,D5,3.5797711062359854,0.0,"LINESTRING (-122.3359803 47.6474355,-122.2989995 47.6504055)"
21,E1,21,E1,0.0,0.0,"LINESTRING (-122.3359803 47.6474355,-122.3359803 47.6474355)"
21,E1,22,E2,1.2735127920088631,0.15001430420052703,"LINESTRING (-122.3359803 47.6474355,-122.3228057 47.6482276)"
21,E1,23,E3,1.7603075658085257,0.07633412706386634,"LINESTRING (-122.3359803 47.6474355,-122.3177506 47.6481432)"
21,E1,24,E4,3.0866590363067323,0.33039443650881417,"LINESTRING (-122.3359803 47.6474355,-122.3040097 47.6485309)"
21,E1,25,E5,4.062062447962499,0.0,"LINESTRING (-122.3359803 47.6474355,-122.2938875 47.6467586)"
21,E1,26,Gate1,1.290399322104205,11.637153309327545,"LINESTRING (-122.3359803 47.6474355,-122.3462375 47.6560168)"
21,E1,27,Gate2,2.977984972241383,242.1959662651532,"LINESTRING (-122.3359803 47.6474355,-122.3148263 47.6699086)"
21,E1,28,Gate3,5.1391703802374264,14.422438872746156,"LINESTRING (-122.3359803 47.6474355,-122.283415 47.6560168)"
21,E1,29,Gate4,2.104492442737702,254.9590776280064,"LINESTRING (-122.3359803 47.6474355,-122.3148263 47.642125)"
22,E2,1,A1,1.9564165329714827,0.08497988732905604,"LINESTRING (-122.3228057 47.6482276,-122.3347924 47.6645809)"
22,E2,2,A2,1.6169920772582156,0.10904942786673323,"LINESTRING (-122.3228057 47.6482276,-122.3257881 47.6647182)"
22,E2,3,A3,1.7799598861167505,0.19072197885721706,"LINESTRING (-122.3228057 47.6482276,-122.3148683 47.6648797)"
22,E2,4,A4,2.3834535124422045,0.20212365399237023,"LINESTRING (-122.3228057 47.6482276,-122.3048193 47.6651586)"
22,E2,5,A5,3.1734375852742334,0.1605855351083894,"LINESTRING (-122.3228057 47.6482276,-122.2943942 47.6647943)"
22,E2,6,B1,1.642748269369565,0.21913346908302592,"LINESTRING (-122.3228057 47.6482276,-122.3345209 47.6605811)"
22,E2,7,B2,1.223054824025718,0.2154592760219165,"LINESTRING (-122.3228057 47.6482276,-122.325519 47.6606093)"
22,E2,8,B3,1.395455393625978,0.38209504913003417,"LINESTRING (-122.3228057 47.6482276,-122.3151817 47.660517)"
22,E2,9,B4,2.1121624079305517,0.2594907623904946,"LINESTRING (-122.3228057 47.6482276,-122.3047029 47.6605345)"
22,E2,10,B5,3.083771379900983,0.32684451466433107,"LINESTRING (-122.3228057 47.6482276,-122.2935066 47.6609936)"
22,E2,11,C1,1.3934085815626915,0.16056255917578727,"LINESTRING (-122.3228057 47.6482276,-122.3350968 47.6558086)"
22,E2,12,C2,0.7897163787148876,0.222037642773235,"LINESTRING (-122.3228057 47.6482276,-122.3253243 47.6560149)"
22,E2,13,C3,1.0659108797789205,0.24494759273455727,"LINESTRING (-122.3228057 47.6482276,-122.3148916 47.6559348)"
22,E2,14,C4,1.889213064321227,0.49105503003235823,"LINESTRING (-122.3228057 47.6482276,-122.3048201 47.6559651)"
22,E2,15,C5,2.9594234546211395,0.02560521563176597,"LINESTRING (-122.3228057 47.6482276,-122.2934898 47.6572427)"
22,E2,16,D1,1.2417228746467142,0.1608484090198955,"LINESTRING (-122.3228057 47.6482276,-122.3352917 47.6513437)"
22,E2,17,D2,0.3592467066440835,0.12200480963695984,"LINESTRING (-122.3228057 47.6482276,-122.3246096 47.6514846)"
22,E2,18,D3,0.9282326193127691,0.17110246403875856,"LINESTRING (-122.3228057 47.6482276,-122.3138341 47.6516996)"
22,E2,19,D4,1.726669804580694,0.15837617133899945,"LINESTRING (-122.3228057 47.6482276,-122.305244 47.6516642)"
22,E2,20,D5,2.306657010727061,0.0,"LINESTRING (-122.3228057 47.6482276,-122.2989995 47.6504055)"
22,E2,21,E1,1.2735127920088631,0.11918698587776305,"LINESTRING (-122.3228057 47.6482276,-122.3359803 47.6474355)"
22,E2,22,E2,0.0,0.0,"LINESTRING (-122.3228057 47.6482276,-122.3228057 47.6482276)"
22,E2,23,E3,0.48783332658281225,0.026265880933335404,"LINESTRING (-122.3228057 47.6482276,-122.3177506 47.6481432)"
22,E2,24,E4,1.813867845134434,0.11199385730713951,"LINESTRING (-122.3228057 47.6482276,-122.3040097 47.6485309)"
22,E2,25,E5,2.793918280527852,0.0,"LINESTRING (-122.3228057 47.6482276,-122.2938875 47.6467586)"
22,E2,26,Gate1,2.382577637856008,2.882250011777957,"LINESTRING (-122.3228057 47.6482276,-122.3462375 47.6560168)"
22,E2,27,Gate2,2.2291808158278656,76.60124203118576,"LINESTRING (-122.3228057 47.6482276,-122.3148263 47.6699086)"
22,E2,28,Gate3,3.8744076778700527,4.859677062630872,"LINESTRING (-122.3228057 47.6482276,-122.283415 47.6560168)"
22,E2,29,Gate4,0.9693009202189783,85.38817699314134,"LINESTRING (-122.3228057 47.6482276,-122.3148263 47.642125)"
23,E3,1,A1,2.2846316982874604,0.06976161702207231,"LINESTRING (-122.3177506 47.6481432,-122.3347924 47.6645809)"
23,E3,2,A2,1.7774387912076768,0.09149788041710748,"LINESTRING (-122.3177506 47.6481432,-122.3257881 47.6647182)"
23,E3,3,A3,1.6386778682575862,0.16666571366378108,"LINESTRING (-122.3177506 47.6481432,-122.3148683 47.6648797)"
23,E3,4,A4,2.0621341558560884,0.18080873187976976,"LINESTRING (-122.3177506 47.6481432,-122.3048193 47.6651586)"
23,E3,5,A5,2.7677372728982936,0.14512641586534172,"LINESTRING (-122.3177506 47.6481432,-122.2943942 47.6647943)"
23,E3,6,B1,2.0146348981391142,0.17875197159722855,"LINESTRING (-122.3177506 47.6481432,-122.3345209 47.6605811)"
23,E3,7,B2,1.4172872123397358,0.17984135421606248,"LINESTRING (-122.3177506 47.6481432,-122.325519 47.6606093)"
23,E3,8,B3,1.21940277985961,0.3356814628109755,"LINESTRING (-122.3177506 47.6481432,-122.3151817 47.660517)"
23,E3,9,B4,1.736247499757469,0.23392954536963775,"LINESTRING (-122.3177506 47.6481432,-122.3047029 47.6605345)"
23,E3,10,B5,2.647600970816073,0.29658241452009393,"LINESTRING (-122.3177506 47.6481432,-122.2935066 47.6609936)"
23,E3,11,C1,1.829871097514051,0.12976051054395382,"LINESTRING (-122.3177506 47.6481432,-122.3350968 47.6558086)"
23,E3,12,C2,1.0540108899665732,0.18322348604568633,"LINESTRING (-122.3177506 47.6481432,-122.3253243 47.6560149)"
23,E3,13,C3,0.8008202410612815,0.21822159145973863,"LINESTRING (-122.3177506 47.6481432,-122.3148916 47.6559348)"
23,E3,14,C4,1.4581822295655975,0.44625654921255775,"LINESTRING (-122.3177506 47.6481432,-122.3048201 47.6559651)"
23,E3,15,C5,2.5001708947640076,0.02330804222917644,"LINESTRING (-122.3177506 47.6481432,-122.2934898 47.6572427)"
23,E3,16,D1,1.7204779383269753,0.12917848672370494,"LINESTRING (-122.3177506 47.6481432,-122.3352917 47.6513437)"
23,E3,17,D2,0.7361768747395079,0.0984442558679564,"LINESTRING (-122.3177506 47.6481432,-122.3246096 47.6514846)"
23,E3,18,D3,0.5104576565180936,0.156295745687604,"LINESTRING (-122.3177506 47.6481432,-122.3138341 47.6516996)"
23,E3,19,D4,1.2536759353074112,0.14484948875509338,"LINESTRING (-122.3177506 47.6481432,-122.305244 47.6516642)"
23,E3,20,D5,1.8224194644476106,0.0,"LINESTRING (-122.3177506 47.6481432,-122.2989995 47.6504055)"
23,E3,21,E1,1.7603075658085257,0.09562987249752677,"LINESTRING (-122.3177506 47.6481432,-122.3359803 47.6474355)"
23,E3,22,E2,0.48783332658281225,0.04141623721326868,"LINESTRING (-122.3177506 47.6481432,-122.3228057 47.6482276)"
23,E3,23,E3,0.0,0.0,"LINESTRING (-122.3177506 47.6481432,-122.3177506 47.6481432)"
23,E3,24,E4,1.3263939629989423,0.10259660934412937,"LINESTRING (-122.3177506 47.6481432,-122.3040097 47.6485309)"
23,E3,25,E5,2.3064277842443786,0.0,"LINESTRING (-122.3177506 47.6481432,-122.2938875 47.6467586)"
23,E3,26,Gate1,2.851754911176512,2.3242770126649717,"LINESTRING (-122.3177506 47.6481432,-122.3462375 47.6560168)"
23,E3,27,Gate2,2.1190090798929515,66.64098302108756,"LINESTRING (-122.3177506 47.6481432,-122.3148263 47.6699086)"
23,E3,28,Gate3,3.3990363701034356,4.4291261054024,"LINESTRING (-122.3177506 47.6481432,-122.283415 47.6560168)"
23,E3,29,Gate4,0.6456277308792382,76.80641104465458,"LINESTRING (-122.3177506 47.6481432,-122.3148263 47.642125)"
24,E4,1,A1,3.3497196186259064,0.08671537681491313,"LINESTRING (-122.3040097 47.6485309,-122.3347924 47.6645809)"
24,E4,2,A2,2.6182973230389437,0.11690360521441036,"LINESTRING (-122.3040097 47.6485309,-122.3257881 47.6647182)"
24,E4,3,A3,1.8937488600253276,0.22996554717373968,"LINESTRING (-122.3040097 47.6485309,-122.3148683 47.6648797)"
24,E4,4,A4,1.606305139944032,0.274433596491005,"LINESTRING (-122.3040097 47.6485309,-122.3048193 47.6651586)"
24,E4,5,A5,1.823012297395846,0.23471304472139023,"LINESTRING (-122.3040097 47.6485309,-122.2943942 47.6647943)"
24,E4,6,B1,3.1653167344031647,0.21956219894734752,"LINESTRING (-122.3040097 47.6485309,-122.3345209 47.6605811)"
24,E4,7,B2,2.380274523497813,0.22575825297435628,"LINESTRING (-122.3040097 47.6485309,-122.325519 47.6606093)"
24,E4,8,B3,1.5810218902149757,0.456092593420055,"LINESTRING (-122.3040097 47.6485309,-122.3151817 47.660517)"
24,E4,9,B4,1.1601613644738715,0.3614589331882783,"LINESTRING (-122.3040097 47.6485309,-122.3047029 47.6605345)"
24,E4,10,B5,1.5726193584363743,0.4884184991769405,"LINESTRING (-122.3040097 47.6485309,-122.2935066 47.6609936)"
24,E4,11,C1,3.0806990058196733,0.1572169955472271,"LINESTRING (-122.3040097 47.6485309,-122.3350968 47.6558086)"
24,E4,12,C2,2.1797413883731958,0.224509099476929,"LINESTRING (-122.3040097 47.6485309,-122.3253243 47.6560149)"
24,E4,13,C3,1.2699878606071857,0.2914263740212963,"LINESTRING (-122.3040097 47.6485309,-122.3148916 47.6559348)"
24,E4,14,C4,0.7215723648701178,0.7075255931369547,"LINESTRING (-122.3040097 47.6485309,-122.3048201 47.6559651)"
24,E4,15,C5,1.3179403961124787,0.03898687714218426,"LINESTRING (-122.3040097 47.6485309,-122.2934898 47.6572427)"
24,E4,16,D1,3.0305800538993966,0.155234361336773,"LINESTRING (-122.3040097 47.6485309,-122.3352917 47.6513437)"
24,E4,17,D2,2.008017988560114,0.11782398474751767,"LINESTRING (-122.3040097 47.6485309,-122.3246096 47.6514846)"
24,E4,18,D3,0.996051393752767,0.2074434310804382,"LINESTRING (-122.3040097 47.6485309,-122.3138341 47.6516996)"
24,E4,19,D4,0.32494433417745355,0.23820682888878983,"LINESTRING (-122.3040097 47.6485309,-122.305244 47.6516642)"
24,E4,20,D5,0.5161631334780155,0.0,"LINESTRING (-122.3040097 47.6485309,-122.2989995 47.6504055)"
24,E4,21,E1,3.0866590363067323,0.11469982695341306,"LINESTRING (-122.3040097 47.6485309,-122.3359803 47.6474355)"
24,E4,22,E2,1.813867845134434,0.048935955765131454,"LINESTRING (-122.3040097 47.6485309,-122.3228057 47.6482276)"
24,E4,23,E3,1.3263939629989423,0.028430743163410988,"LINESTRING (-122.3040097 47.6485309,-122.3177506 47.6481432)"
24,E4,24,E4,0.0,0.0,"LINESTRING (-122.3040097 47.6485309,-122.3040097 47.6485309)"
24,E4,25,E5,0.991546609555769,0.0,"LINESTRING (-122.3040097 47.6485309,-122.2938875 47.6467586)"
24,E4,26,Gate1,4.138091710028429,2.8121522476689833,"LINESTRING (-122.3040097 47.6485309,-122.3462375 47.6560168)"
24,E4,27,Gate2,2.3117438590377217,92.7658721676559,"LINESTRING (-122.3040097 47.6485309,-122.3148263 47.6699086)"
24,E4,28,Gate3,2.114384470373509,7.477627492669687,"LINESTRING (-122.3040097 47.6485309,-122.283415 47.6560168)"
24,E4,29,Gate4,1.2129902506662777,100.99758684234455,"LINESTRING (-122.3040097 47.6485309,-122.3148263 47.642125)"
25,E5,1,A1,4.305280241858909,0.0,"LINESTRING (-122.2938875 47.6467586,-122.3347924 47.6645809)"
25,E5,2,A2,3.532376681613479,0.0,"LINESTRING (-122.2938875 47.6467586,-122.3257881 47.6647182)"
25,E5,3,A3,2.6750021635757624,0.0,"LINESTRING (-122.2938875 47.6467586,-122.3148683 47.6648797)"
25,E5,4,A4,2.065121287973529,0.0,"LINESTRING (-122.2938875 47.6467586,-122.3048193 47.6651586)"
25,E5,5,A5,1.740951254857777,0.0,"LINESTRING (-122.2938875 47.6467586,-122.2943942 47.6647943)"
25,E5,6,B1,4.141360627030616,0.0,"LINESTRING (-122.2938875 47.6467586,-122.3345209 47.6605811)"
25,E5,7,B2,3.331905161522581,0.0,"LINESTRING (-122.2938875 47.6467586,-122.325519 47.6606093)"
25,E5,8,B3,2.4462348557118228,0.0,"LINESTRING (-122.2938875 47.6467586,-122.3151817 47.660517)"
25,E5,9,B4,1.6899550890102897,0.0,"LINESTRING (-122.2938875 47.6467586,-122.3047029 47.6605345)"
25,E5,10,B5,1.3740269479084555,0.0,"LINESTRING (-122.2938875 47.6467586,-122.2935066 47.6609936)"
25,E5,11,C1,4.071042964863531,0.0,"LINESTRING (-122.2938875 47.6467586,-122.3350968 47.6558086)"
25,E5,12,C2,3.1620922241670097,0.0,"LINESTRING (-122.2938875 47.6467586,-122.3253243 47.6560149)"
25,E5,13,C3,2.2116555039623496,0.0,"LINESTRING (-122.2938875 47.6467586,-122.3148916 47.6559348)"
25,E5,14,C4,1.3790999184493349,0.0,"LINESTRING (-122.2938875 47.6467586,-122.3048201 47.6559651)"
25,E5,15,C5,1.0123386025843775,0.0,"LINESTRING (-122.2938875 47.6467586,-122.2934898 47.6572427)"
25,E5,16,D1,4.019513013782998,0.0,"LINESTRING (-122.2938875 47.6467586,-122.3352917 47.6513437)"
25,E5,17,D2,2.9992472735388156,0.0,"LINESTRING (-122.2938875 47.6467586,-122.3246096 47.6514846)"
25,E5,18,D3,1.982822677155434,0.0,"LINESTRING (-122.2938875 47.6467586,-122.3138341 47.6516996)"
25,E5,19,D4,1.193652197768067,0.0,"LINESTRING (-122.2938875 47.6467586,-122.305244 47.6516642)"
25,E5,20,D5,0.6059087306484995,0.0,"LINESTRING (-122.2938875 47.6467586,-122.2989995 47.6504055)"
25,E5,21,E1,4.062062447962499,0.0,"LINESTRING (-122.2938875 47.6467586,-122.3359803 47.6474355)"
25,E5,22,E2,2.793918280527852,0.0,"LINESTRING (-122.2938875 47.6467586,-122.3228057 47.6482276)"
25,E5,23,E3,2.3064277842443786,0.0,"LINESTRING (-122.2938875 47.6467586,-122.3177506 47.6481432)"
25,E5,24,E4,0.991546609555769,0.0,"LINESTRING (-122.2938875 47.6467586,-122.3040097 47.6485309)"
25,E5,25,E5,0.0,0.0,"LINESTRING (-122.2938875 47.6467586,-122.2938875 47.6467586)"
25,E5,26,Gate1,5.129636528605689,0.0,"LINESTRING (-122.2938875 47.6467586,-122.3462375 47.6560168)"
25,E5,27,Gate2,3.0119006155050707,0.0,"LINESTRING (-122.2938875 47.6467586,-122.3148263 47.6699086)"
25,E5,28,Gate3,1.3487484277882895,0.0,"LINESTRING (-122.2938875 47.6467586,-122.283415 47.6560168)"
25,E5,29,Gate4,2.0692578979521734,0.0,"LINESTRING (-122.2938875 47.6467586,-122.3148263 47.642125)"
26,Gate1,1,A1,1.3792781617289749,14.845359526265051,"LINESTRING (-122.3462375 47.6560168,-122.3347924 47.6645809)"
26,Gate1,2,A2,2.144364141665469,16.421354447781507,"LINESTRING (-122.3462375 47.6560168,-122.3257881 47.6647182)"
26,Gate1,3,A3,3.145305208398376,25.759062237842887,"LINESTRING (-122.3462375 47.6560168,-122.3148683 47.6648797)"
26,Gate1,4,A4,4.0926288400708275,26.183566124486276,"LINESTRING (-122.3462375 47.6560168,-122.3048193 47.6651586)"
26,Gate1,5,A5,5.073554617031069,20.34878944314487,"LINESTRING (-122.3462375 47.6560168,-122.2943942 47.6647943)"
26,Gate1,6,B1,1.2132873533085005,37.55697228399736,"LINESTRING (-122.3462375 47.6560168,-122.3345209 47.6605811)"
26,Gate1,7,B2,2.047647694417843,31.135037989273904,"LINESTRING (-122.3462375 47.6560168,-122.325519 47.6606093)"
26,Gate1,8,B3,3.0278760589071942,49.73368437607507,"LINESTRING (-122.3462375 47.6560168,-122.3151817 47.660517)"
26,Gate1,9,B4,4.031306687294974,32.688796540183375,"LINESTRING (-122.3462375 47.6560168,-122.3047029 47.6605345)"
26,Gate1,10,B5,5.110616834387267,40.74661850554958,"LINESTRING (-122.3462375 47.6560168,-122.2935066 47.6609936)"
26,Gate1,11,C1,1.075153273831524,27.1210032343343,"LINESTRING (-122.3462375 47.6560168,-122.3350968 47.6558086)"
26,Gate1,12,C2,2.0179169552991505,30.274595512720502,"LINESTRING (-122.3462375 47.6560168,-122.3253243 47.6560149)"
26,Gate1,13,C3,3.02457318970426,30.464547330213236,"LINESTRING (-122.3462375 47.6560168,-122.3148916 47.6559348)"
26,Gate1,14,C4,3.996370555635777,60.321278404480964,"LINESTRING (-122.3462375 47.6560168,-122.3048201 47.6559651)"
26,Gate1,15,C5,5.09100295141938,3.14890821542253,"LINESTRING (-122.3462375 47.6560168,-122.2934898 47.6572427)"
26,Gate1,16,D1,1.1483854384781358,26.332379403084378,"LINESTRING (-122.3462375 47.6560168,-122.3352917 47.6513437)"
26,Gate1,17,D2,2.132201403367067,15.29709032735108,"LINESTRING (-122.3462375 47.6560168,-122.3246096 47.6514846)"
26,Gate1,18,D3,3.1542275993678324,20.517834471624056,"LINESTRING (-122.3462375 47.6560168,-122.3138341 47.6516996)"
26,Gate1,19,D4,3.977696472826648,19.081135989846345,"LINESTRING (-122.3462375 47.6560168,-122.305244 47.6516642)"
26,Gate1,20,D5,4.5900421235964215,0.0,"LINESTRING (-122.3462375 47.6560168,-122.2989995 47.6504055)"
26,Gate1,21,E1,1.290399322104205,19.21414424533467,"LINESTRING (-122.3462375 47.6560168,-122.3359803 47.6474355)"
26,Gate1,22,E2,2.382577637856008,5.989764885778779,"LINESTRING (-122.3462375 47.6560168,-122.3228057 47.6482276)"
26,Gate1,23,E3,2.851754911176512,3.063284579509484,"LINESTRING (-122.3462375 47.6560168,-122.3177506 47.6481432)"
26,Gate1,24,E4,4.138091710028429,13.374670245585625,"LINESTRING (-122.3462375 47.6560168,-122.3040097 47.6485309)"
26,Gate1,25,E5,5.129636528605689,0.0,"LINESTRING (-122.3462375 47.6560168,-122.2938875 47.6467586)"
26,Gate1,26,Gate1,0.0,0.0,"LINESTRING (-122.3462375 47.6560168,-122.3462375 47.6560168)"
26,Gate1,27,Gate2,3.314046531807258,10746.044207917519,"LINESTRING (-122.3462375 47.6560168,-122.3148263 47.6699086)"
26,Gate1,28,Gate3,6.0617430249995925,594.6818407091469,"LINESTRING (-122.3462375 47.6560168,-122.283415 47.6560168)"
26,Gate1,29,Gate4,3.314046531807258,10089.654073053447,"LINESTRING (-122.3462375 47.6560168,-122.3148263 47.642125)"
27,Gate2,1,A1,1.9939440366045438,607.1619238846597,"LINESTRING (-122.3148263 47.6699086,-122.3347924 47.6645809)"
27,Gate2,2,A2,1.1702853427738424,832.6300023671589,"LINESTRING (-122.3148263 47.6699086,-122.3257881 47.6647182)"
27,Gate2,3,A3,0.4852499789901332,1648.1957921252263,"LINESTRING (-122.3148263 47.6699086,-122.3148683 47.6648797)"
27,Gate2,4,A4,1.0688249084792247,1733.6695751724703,"LINESTRING (-122.3148263 47.6699086,-122.3048193 47.6651586)"
27,Gate2,5,A5,2.0323152699294247,1338.726893545948,"LINESTRING (-122.3148263 47.6699086,-122.2943942 47.6647943)"
27,Gate2,6,B1,2.1026892834865376,1479.6311451853571,"LINESTRING (-122.3148263 47.6699086,-122.3345209 47.6605811)"
27,Gate2,7,B2,1.3673442825466582,1516.515780023346,"LINESTRING (-122.3148263 47.6699086,-122.325519 47.6606093)"
27,Gate2,8,B3,0.9068438957395637,2938.826172346984,"LINESTRING (-122.3148263 47.6699086,-122.3151817 47.660517)"
27,Gate2,9,B4,1.331261282239219,2070.158480670252,"LINESTRING (-122.3148263 47.6699086,-122.3047029 47.6605345)"
27,Gate2,10,B5,2.2297442376459693,2623.8343711216285,"LINESTRING (-122.3148263 47.6699086,-122.2935066 47.6609936)"
27,Gate2,11,C1,2.382550871061673,1009.9615699147361,"LINESTRING (-122.3148263 47.6699086,-122.3350968 47.6558086)"
27,Gate2,12,C2,1.6802619398709806,1407.5220077410252,"LINESTRING (-122.3148263 47.6699086,-122.3253243 47.6560149)"
27,Gate2,13,C3,1.3483469801018289,1690.8395157893808,"LINESTRING (-122.3148263 47.6699086,-122.3148916 47.6559348)"
27,Gate2,14,C4,1.6559923798777707,3638.2363871137177,"LINESTRING (-122.3148263 47.6699086,-122.3048201 47.6559651)"
27,Gate2,15,C5,2.394178119042195,197.93468935333487,"LINESTRING (-122.3148263 47.6699086,-122.2934898 47.6572427)"
27,Gate2,16,D1,2.6661417231669207,954.657832616462,"LINESTRING (-122.3148263 47.6699086,-122.3352917 47.6513437)"
27,Gate2,17,D2,2.012822532622848,690.6144821826123,"LINESTRING (-122.3148263 47.6699086,-122.3246096 47.6514846)"
27,Gate2,18,D3,1.759587125842198,1095.0898877994791,"LINESTRING (-122.3148263 47.6699086,-122.3138341 47.6516996)"
27,Gate2,19,D4,1.9884377518346892,1098.091855626381,"LINESTRING (-122.3148263 47.6699086,-122.305244 47.6516642)"
27,Gate2,20,D5,2.423528869640948,0.0,"LINESTRING (-122.3148263 47.6699086,-122.2989995 47.6504055)"
27,Gate2,21,E1,2.977984972241383,682.2737209526429,"LINESTRING (-122.3148263 47.6699086,-122.3359803 47.6474355)"
27,Gate2,22,E2,2.2291808158278656,271.60101247405544,"LINESTRING (-122.3148263 47.6699086,-122.3228057 47.6482276)"
27,Gate2,23,E3,2.1190090798929515,149.85053563338295,"LINESTRING (-122.3148263 47.6699086,-122.3177506 47.6481432)"
27,Gate2,24,E4,2.3117438590377217,752.7485597337377,"LINESTRING (-122.3148263 47.6699086,-122.3040097 47.6485309)"
27,Gate2,25,E5,3.0119006155050707,0.0,"LINESTRING (-122.3148263 47.6699086,-122.2938875 47.6467586)"
27,Gate2,26,Gate1,3.314046531807258,18334.37332080855,"LINESTRING (-122.3148263 47.6699086,-122.3462375 47.6560168)"
27,Gate2,27,Gate2,0.0,0.0,"LINESTRING (-122.3148263 47.6699086,-122.3148263 47.6699086)"
27,Gate2,28,Gate3,3.3140465318085117,37502.127247102326,"LINESTRING (-122.3148263 47.6699086,-122.283415 47.6560168)"
27,Gate2,29,Gate4,2.680837398802895,486734.72723871516,"LINESTRING (-122.3148263 47.6699086,-122.3148263 47.642125)"
28,Gate3,1,A1,5.0258090931057176,19.147670834240035,"LINESTRING (-122.283415 47.6560168,-122.3347924 47.6645809)"
28,Gate3,2,A2,4.1738999139673165,26.167210389940966,"LINESTRING (-122.283415 47.6560168,-122.3257881 47.6647182)"
28,Gate3,3,A3,3.153115513052914,53.33825532215205,"LINESTRING (-122.283415 47.6560168,-122.3148683 47.6648797)"
28,Gate3,4,A4,2.245787510097906,68.93566358084377,"LINESTRING (-122.283415 47.6560168,-122.3048193 47.6651586)"
28,Gate3,5,A5,1.3563150038483691,68.40903332007628,"LINESTRING (-122.283415 47.6560168,-122.2943942 47.6647943)"
28,Gate3,6,B1,4.950836391834649,47.79369038942341,"LINESTRING (-122.283415 47.6560168,-122.3345209 47.6605811)"
28,Gate3,7,B2,4.086714607538888,49.53032786325211,"LINESTRING (-122.283415 47.6560168,-122.325519 47.6606093)"
28,Gate3,8,B3,3.0957685343545065,102.18304556684983,"LINESTRING (-122.283415 47.6560168,-122.3151817 47.660517)"
28,Gate3,9,B4,2.099820007167152,87.05391401763325,"LINESTRING (-122.283415 47.6560168,-122.3047029 47.6605345)"
28,Gate3,10,B5,1.085710102866939,142.92152194323327,"LINESTRING (-122.283415 47.6560168,-122.2935066 47.6609936)"
28,Gate3,11,C1,4.986817905796541,33.69550991263063,"LINESTRING (-122.283415 47.6560168,-122.3350968 47.6558086)"
28,Gate3,12,C2,4.043826081653112,48.235592293627775,"LINESTRING (-122.283415 47.6560168,-122.3253243 47.6560149)"
28,Gate3,13,C3,3.037190497337699,63.04230567174897,"LINESTRING (-122.283415 47.6560168,-122.3148916 47.6559348)"
28,Gate3,14,C4,2.065381617869438,160.65762856417876,"LINESTRING (-122.283415 47.6560168,-122.3048201 47.6559651)"
28,Gate3,15,C5,0.9792844476832016,11.185775339551128,"LINESTRING (-122.283415 47.6560168,-122.2934898 47.6572427)"
28,Gate3,16,D1,5.025849476664245,32.89182324323549,"LINESTRING (-122.283415 47.6560168,-122.3352917 47.6513437)"
28,Gate3,17,D2,3.9988531867763637,24.887483223917496,"LINESTRING (-122.283415 47.6560168,-122.3246096 47.6514846)"
28,Gate3,18,D3,2.9645554479282614,43.58626466022582,"LINESTRING (-122.283415 47.6560168,-122.3138341 47.6516996)"
28,Gate3,19,D4,2.1477439827779583,50.14845160624641,"LINESTRING (-122.283415 47.6560168,-122.305244 47.6516642)"
28,Gate3,20,D5,1.5982514226800835,0.0,"LINESTRING (-122.283415 47.6560168,-122.2989995 47.6504055)"
28,Gate3,21,E1,5.1391703802374264,24.13074202560728,"LINESTRING (-122.283415 47.6560168,-122.3359803 47.6474355)"
28,Gate3,22,E2,3.8744076778700527,10.233948215187908,"LINESTRING (-122.283415 47.6560168,-122.3228057 47.6482276)"
28,Gate3,23,E3,3.3990363701034356,5.9152783028950475,"LINESTRING (-122.283415 47.6560168,-122.3177506 47.6481432)"
28,Gate3,24,E4,2.114384470373509,36.03842140077152,"LINESTRING (-122.283415 47.6560168,-122.3040097 47.6485309)"
28,Gate3,25,E5,1.3487484277882895,0.0,"LINESTRING (-122.283415 47.6560168,-122.2938875 47.6467586)"
28,Gate3,26,Gate1,6.0617430249995925,602.6183554324012,"LINESTRING (-122.283415 47.6560168,-122.3462375 47.6560168)"
28,Gate3,27,Gate2,3.3140465318085117,22273.89329053314,"LINESTRING (-122.283415 47.6560168,-122.3148263 47.6699086)"
28,Gate3,28,Gate3,0.0,0.0,"LINESTRING (-122.283415 47.6560168,-122.283415 47.6560168)"
28,Gate3,29,Gate4,3.3140465318085117,20913.358796346998,"LINESTRING (-122.283415 47.6560168,-122.3148263 47.642125)"
29,Gate4,1,A1,2.899384899507997,480.66885005521215,"LINESTRING (-122.3148263 47.642125,-122.3347924 47.6645809)"
29,Gate4,2,A2,2.4230663650026987,627.1473617675886,"LINESTRING (-122.3148263 47.642125,-122.3257881 47.6647182)"
29,Gate4,3,A3,2.19560813429161,1155.2954768777402,"LINESTRING (-122.3148263 47.642125,-122.3148683 47.6648797)"
29,Gate4,4,A4,2.423193349064988,1287.2683549209432,"LINESTRING (-122.3148263 47.642125,-122.3048193 47.6651586)"
29,Gate4,5,A5,2.944710820118522,1058.9921910284916,"LINESTRING (-122.3148263 47.642125,-122.2943942 47.6647943)"
29,Gate4,6,B1,2.6043473820446583,1234.9735417200623,"LINESTRING (-122.3148263 47.642125,-122.3345209 47.6605811)"
29,Gate4,7,B2,2.0604725928182344,1231.4586155056543,"LINESTRING (-122.3148263 47.642125,-122.325519 47.6606093)"
29,Gate4,8,B3,1.7749734431836262,2323.416796370807,"LINESTRING (-122.3148263 47.642125,-122.3151817 47.660517)"
29,Gate4,9,B4,2.0271905181276444,1680.103418082328,"LINESTRING (-122.3148263 47.642125,-122.3047029 47.6605345)"
29,Gate4,10,B5,2.7470878797236606,2185.99335851797,"LINESTRING (-122.3148263 47.642125,-122.2935066 47.6609936)"
29,Gate4,11,C1,2.359838779121589,903.1536340845205,"LINESTRING (-122.3148263 47.642125,-122.3350968 47.6558086)"
29,Gate4,12,C2,1.679975702028013,1254.9670195369067,"LINESTRING (-122.3148263 47.642125,-122.3253243 47.6560149)"
29,Gate4,13,C3,1.3325201113270333,1510.8130883917809,"LINESTRING (-122.3148263 47.642125,-122.3148916 47.6559348)"
29,Gate4,14,C4,1.6478921117656704,3247.330971568113,"LINESTRING (-122.3148263 47.642125,-122.3048201 47.6559651)"
29,Gate4,15,C5,2.5231528974647532,173.51495696285355,"LINESTRING (-122.3148263 47.642125,-122.2934898 47.6572427)"
29,Gate4,16,D1,2.165807174755527,908.950722353022,"LINESTRING (-122.3148263 47.642125,-122.3352917 47.6513437)"
29,Gate4,17,D2,1.3064208414288452,677.4624046557781,"LINESTRING (-122.3148263 47.642125,-122.3246096 47.6514846)"
29,Gate4,18,D3,0.9288025774458613,1095.3146520218058,"LINESTRING (-122.3148263 47.642125,-122.3138341 47.6516996)"
29,Gate4,19,D4,1.3046336962619651,1073.957470891829,"LINESTRING (-122.3148263 47.642125,-122.305244 47.6516642)"
29,Gate4,20,D5,1.723508762192418,0.0,"LINESTRING (-122.3148263 47.642125,-122.2989995 47.6504055)"
29,Gate4,21,E1,2.104492442737702,682.0165481077581,"LINESTRING (-122.3148263 47.642125,-122.3359803 47.6474355)"
29,Gate4,22,E2,0.9693009202189783,287.4921624572182,"LINESTRING (-122.3148263 47.642125,-122.3228057 47.6482276)"
29,Gate4,23,E3,0.6456277308792382,164.00121741155868,"LINESTRING (-122.3148263 47.642125,-122.3177506 47.6481432)"
29,Gate4,24,E4,1.2129902506662777,778.2253853041395,"LINESTRING (-122.3148263 47.642125,-122.3040097 47.6485309)"
29,Gate4,25,E5,2.0692578979521734,0.0,"LINESTRING (-122.3148263 47.642125,-122.2938875 47.6467586)"
29,Gate4,26,Gate1,3.314046531807258,16346.561721455219,"LINESTRING (-122.3148263 47.642125,-122.3462375 47.6560168)"
29,Gate4,27,Gate2,2.680837398802895,462194.77110425226,"LINESTRING (-122.3148263 47.642125,-122.3148263 47.6699086)"
29,Gate4,28,Gate3,3.3140465318085117,33436.148975698445,"LINESTRING (-122.3148263 47.642125,-122.283415 47.6560168)"
29,Gate4,29,Gate4,0.0,0.0,"LINESTRING (-122.3148263 47.642125,-122.3148263 47.642125)"
