name,node_id,osm_node_id,osm_highway,zone_id,ctrl_type,node_type,activity_type,is_boundary,x_coord,y_coord,main_node_id,poi_id,notes
,0,41459438,,,0,,,,-111.9275146,33.4245016,,,
,1,41529691,traffic_signals,,1,,,,-111.9304264,33.4231268,,,
,2,41529697,,,0,,,,-111.9290798,33.4242989,,,
,3,41529701,traffic_signals,,1,,,,-111.9262237,33.4245026,20,,
,4,41529740,traffic_signals,,1,,,,-111.9400786,33.4243437,8,,
,5,41529742,turning_loop,,0,,,,-111.9391418,33.4243489,,,
,6,41529813,,,0,,,,-111.936666,33.4243591,,,
,7,41533533,,,0,,,,-111.9412608,33.4219305,,,
,8,41533538,,,0,,,,-111.9412375,33.4190521,,,
,9,41533540,,,0,,,,-111.94123,33.4176195,,,
,10,41533544,,,0,,,,-111.941205,33.416204,,,
,11,41533545,,,0,,,,-111.9411894,33.4147443,,,
,12,41573980,traffic_signals,,1,,,,-111.9263074,33.4168484,,,
,13,41573982,traffic_signals,,1,,,,-111.9262905,33.4191375,,,
,14,41573985,,,0,,,,-111.9262379,33.4209763,,,
,15,41573995,traffic_signals,,1,,,,-111.9262821,33.4287845,14,,
,16,41605233,traffic_signals,,1,,,,-111.9400872,33.4295692,5,,
,17,41624255,,,0,,,,-111.9399667,33.4167979,,,
,18,41624258,,,0,,,,-111.9373669,33.4146466,,,
,19,41624261,traffic_signals,,1,,,,-111.9366104,33.4145994,23,,
,20,41624268,,,0,,,,-111.9306493,33.4147379,,,
,21,41630200,traffic_signals,,1,,,,-111.9400776,33.4264624,0,,
,22,41630202,,,0,,,,-111.940778,33.4264585,,,
,23,41654675,,,0,,,,-111.9294043,33.4166443,,,
,24,41662569,crossing,,0,,,,-111.9400948,33.4297326,,,
,25,41662578,,,0,,,,-111.9400739,33.4285325,,,
,26,41662581,traffic_signals,,1,,,,-111.9400679,33.4273849,9,,
,27,41662584,traffic_signals,,1,,,,-111.9400797,33.4254922,11,,
,28,41662587,traffic_signals,,1,,,,-111.9400687,33.4231956,3,,
,29,41662590,traffic_signals,,1,,,,-111.9400803,33.4219289,18,,
,30,41662596,,,0,,,,-111.9400362,33.4176249,,,
,31,41662598,,,0,,,,-111.9399894,33.4162047,,,
,32,41662601,,,0,,,,-111.9398928,33.4136273,,,
,33,41662602,,,0,,,,-111.9398917,33.4135032,,,
,34,41714336,traffic_signals,,1,,,,-111.9366625,33.4219038,4,,
,35,41714339,traffic_signals,,1,,,,-111.9349431,33.4220042,25,,
,36,41714341,traffic_signals,,1,,,,-111.9289415,33.4220194,,,
,37,41736773,,,0,,,,-111.9301262,33.4287001,,,
,38,41736777,traffic_signals,,1,,,,-111.9293057,33.4286516,16,,
,39,41746580,,,0,,,,-111.9366724,33.4254992,,,
,40,41746582,traffic_signals,,1,,,,-111.9349278,33.4254396,,,
,41,41800245,,,0,,,,-111.9289198,33.4202704,,,
,42,41800471,,,0,,,,-111.9307043,33.4135726,,,
,43,41830283,,,0,,,,-111.9370709,33.4135303,,,
,44,41830285,,,0,,,,-111.9349328,33.4135475,,,
,45,41830286,,,0,,,,-111.9327775,33.4135705,,,
,46,41957870,,,0,,,,-111.9366746,33.4232058,,,
,47,41995466,,,0,,,,-111.9381178,33.419078,,,
,48,42273739,,,0,,,,-111.9381595,33.4231914,,,
,49,42304472,,,0,,,,-111.9349899,33.4232132,,,
,50,42351327,,,0,,,,-111.933278,33.4160881,,,
,51,42351391,turning_circle,,0,,,,-111.9339665,33.4183547,,,
,52,193252222,,,0,,,,-111.9321918,33.4292423,,,
,53,316007232,traffic_signals,,1,,,,-111.9349809,33.4243346,,,
,54,316007233,,,0,,,,-111.9337564,33.4243075,,,
,55,316008065,,,0,,,,-111.9271917,33.4166831,,,
,56,316008315,,,0,,,,-111.9353519,33.4255151,,,
,57,316008467,,,0,,,,-111.9292601,33.4249516,,,
,58,316008721,,,0,,,,-111.9292598,33.4248052,,,
,59,316008774,,,0,,,,-111.9301429,33.4249465,,,
,60,316128443,,,0,,,,-111.9356428,33.430435,,,
,61,316128740,,,0,,,,-111.926289,33.4298413,,,
,62,316870046,,,0,,,,-111.9383,33.4149256,,,
,63,316870186,traffic_signals,,1,,,,-111.9395884,33.4159654,10,,
,64,316872729,,,0,,,,-111.9338292,33.4183283,,,
,65,316872730,,,0,,,,-111.9338106,33.4174451,,,
,66,316872733,,,0,,,,-111.9337028,33.4173518,,,
,67,316880529,,,0,,,,-111.9370966,33.4145249,,,
,68,316880683,turning_circle,,0,,,,-111.9396432,33.4145427,,,
,69,317321943,,,0,,,,-111.930175,33.4213069,,,
,70,317321944,,,0,,,,-111.9300776,33.4183997,,,
,71,317327702,traffic_signals,,1,,,,-111.9301244,33.4159141,,,
,72,317701014,,,0,,,,-111.940029,33.4174558,,,
,73,330683940,traffic_signals,,1,,,,-111.9262878,33.4148429,15,,
,74,330683942,traffic_signals,,1,,,,-111.9306499,33.4147876,,,
,75,330683944,traffic_signals,,1,,,,-111.9327954,33.4147645,24,,
,76,330683945,traffic_signals,,1,,,,-111.9349593,33.4147529,19,,
,77,330683946,traffic_signals,,1,,,,-111.9366094,33.4147437,23,,
,78,330683964,traffic_signals,,1,,,,-111.9349552,33.4146147,19,,
,79,330683965,traffic_signals,,1,,,,-111.9327942,33.4146458,24,,
,80,330683967,traffic_signals,,1,,,,-111.9306492,33.4146646,,,
,81,330683969,traffic_signals,,1,,,,-111.9262925,33.4146937,15,,
,82,330689687,,,0,,,,-111.923179,33.417529,,,
,83,330691322,traffic_signals,,1,,,,-111.9262825,33.4200903,,,
,84,330693619,,,0,,,,-111.9312627,33.4233579,,,
,85,330693678,traffic_signals,,1,,,,-111.9320888,33.4241868,,,
,86,330695748,,,0,,,,-111.9400695,33.4274911,,,
,87,335594187,,,0,,,,-111.9327814,33.4140702,,,
,88,335594238,,,0,,,,-111.9243278,33.4183748,,,
,89,335595768,,,0,,,,-111.9262262,33.4238148,,,
,90,335603428,,,0,,,,-111.9349449,33.414049,,,
,91,337678478,,,0,,,,-111.9278896,33.4300293,,,
,92,337678763,,,0,,,,-111.9276328,33.4301131,,,
,93,337678783,,,0,,,,-111.9246135,33.4301604,,,
,94,337678824,,,0,,,,-111.9251613,33.4301026,,,
,95,337713512,,,0,,,,-111.9394161,33.4254973,,,
,96,337822444,,,0,,,,-111.9228983,33.4238125,,,
,97,626180492,,,0,,,,-111.9391729,33.4164827,,,
,98,626182235,,,0,,,,-111.9383609,33.4170983,,,
,99,798623883,,,0,,,,-111.9338002,33.4141764,,,
,100,863733728,,,0,,,,-111.9418048,33.4212241,,,
,101,863733733,,,0,,,,-111.9418,33.4204769,,,
,102,863733736,,,0,,,,-111.9417794,33.4190532,,,
,103,863733741,,,0,,,,-111.9406324,33.4211997,,,
,104,863733743,,,0,,,,-111.9406246,33.4204862,,,
,105,863733746,,,0,,,,-111.9405973,33.4190507,,,
,106,863733749,,,0,,,,-111.9405903,33.4176159,,,
,107,863733752,,,0,,,,-111.9405834,33.4162013,,,
,108,863733755,,,0,,,,-111.9405641,33.4147222,,,
,109,863733763,,,0,,,,-111.9398955,33.4139983,,,
,110,863733766,,,0,,,,-111.9370743,33.4140281,,,
,111,863733777,,,0,,,,-111.9346763,33.4159341,,,
,112,863733780,,,0,,,,-111.9349495,33.4158893,,,
,113,863733787,,,0,,,,-111.9349501,33.4150744,,,
,114,863733793,,,0,,,,-111.9346659,33.4151236,,,
,115,863736785,,,0,,,,-111.9412404,33.4212296,,,
,116,863736881,,,0,,,,-111.9418437,33.4190521,,,
,117,863736888,,,0,,,,-111.9418304,33.4176181,,,
,118,863736901,,,0,,,,-111.941821,33.4161933,,,
,119,863736904,,,0,,,,-111.9418209,33.4147362,,,
,120,863736987,,,0,,,,-111.9383609,33.4169012,,,
,121,863737013,,,0,,,,-111.9383609,33.4172594,,,
,122,863737052,,,0,,,,-111.9385003,33.4172603,,,
,123,863737063,,,0,,,,-111.9388329,33.4172623,,,
,124,863737071,,,0,,,,-111.9391119,33.4172639,,,
,125,863737081,,,0,,,,-111.9394015,33.4170221,,,
,126,863737109,,,0,,,,-111.9393479,33.4168654,,,
,127,863737111,,,0,,,,-111.9392674,33.4166415,,,
,128,863737122,,,0,,,,-111.939099,33.4164539,,,
,129,863737185,,,0,,,,-111.9381395,33.4176358,,,
,130,863737380,,,0,,,,-111.9368839,33.4158042,,,
,131,863737411,,,0,,,,-111.9368749,33.4159833,,,
,132,863737414,,,0,,,,-111.9368919,33.4154862,,,
,133,863737416,,,0,,,,-111.9369017,33.4150967,,,
,134,863737422,,,0,,,,-111.9372784,33.4151454,,,
,135,863737580,,,0,,,,-111.9370144,33.4160057,,,
,136,863737616,,,0,,,,-111.9371646,33.4160191,,,
,137,863737633,,,0,,,,-111.9378701,33.4155402,,,
,138,863737649,,,0,,,,-111.9366113,33.4150834,,,
,139,1501648953,,,0,,,,-111.9262853,33.4202273,,,
,140,1698683562,,,0,,,,-111.9366091,33.4149194,,,
,141,1698683575,,,0,,,,-111.9378477,33.4151181,,,
,142,1698683581,,,0,,,,-111.9382634,33.4155422,,,
,143,1698683593,,,0,,,,-111.93812,33.4157482,,,
,144,1698683644,,,0,,,,-111.9388752,33.4160426,,,
,145,1698683671,,,0,,,,-111.9373754,33.4161784,,,
,146,1698683688,,,0,,,,-111.9386289,33.4162143,,,
,147,1698683692,,,0,,,,-111.9369754,33.4162264,,,
,148,1698683701,,,0,,,,-111.9370673,33.4162376,,,
,149,1698683743,,,0,,,,-111.9373124,33.4163246,,,
,150,1698683746,,,0,,,,-111.9393745,33.4163796,,,
,151,1698683762,,,0,,,,-111.9392212,33.416529,,,
,152,1698683784,,,0,,,,-111.9380781,33.4167918,,,
,153,1698683786,,,0,,,,-111.9379391,33.416822,,,
,154,1698683789,,,0,,,,-111.9377992,33.41685,,,
,155,1698683804,,,0,,,,-111.9380869,33.4170888,,,
,156,1698683811,,,0,,,,-111.9396173,33.4174516,,,
,157,1698683812,,,0,,,,-111.9381365,33.4174674,,,
,158,1698683826,traffic_signals,,1,,,,-111.940028,33.4190552,1,,
,159,1698683852,traffic_signals,,1,,,,-111.9400474,33.4204936,22,,
,160,1698684044,,,0,,,,-111.9398838,33.4297536,,,
,161,1968645158,,,0,,,,-111.9364214,33.4257947,,,
,162,1968645160,,,0,,,,-111.9358889,33.4258161,,,
,163,2065989227,crossing,,0,,,,-111.9399088,33.414649,,,
,164,2065989239,traffic_signals,,1,,,,-111.939851,33.4147095,2,,
,165,2065989244,traffic_signals,,1,,,,-111.9399641,33.4147094,2,,
,166,2065989250,traffic_signals,,1,,,,-111.9398514,33.4147836,2,,
,167,2065989254,,,0,,,,-111.9408253,33.4147456,,,
,168,2065989256,,,0,,,,-111.9405582,33.4147673,,,
,169,2065989260,traffic_signals,,1,,,,-111.9399649,33.4147844,2,,
,170,2065989266,traffic_signals,,1,,,,-111.9381462,33.4218977,17,,
,171,2300341846,,,0,,,,-111.9252926,33.4192193,,,
,172,2300341851,crossing,,0,,,,-111.9262885,33.4203522,,,
,173,2305974515,,,0,,,,-111.9279378,33.4166216,,,
,174,2305974518,,,0,,,,-111.92796,33.4174137,,,
,175,2305974519,,,0,,,,-111.927961,33.4175883,,,
,176,2321431315,,,0,,,,-111.9366407,33.4212929,,,
,177,2321431354,,,0,,,,-111.936667,33.4212884,,,
,178,2321431358,,,0,,,,-111.9365625,33.4212303,,,
,179,2321433515,,,0,,,,-111.9359632,33.4212288,,,
,180,2321437650,,,0,,,,-111.9359384,33.4208758,,,
,181,2341521996,crossing,,0,,,,-111.9289287,33.4203474,,,
,182,2391072688,,,0,,,,-111.9357478,33.4195893,,,
,183,2391072689,,,0,,,,-111.9350743,33.4195934,,,
,184,2391072690,,,0,,,,-111.935564,33.4195915,,,
,185,2391072691,,,0,,,,-111.9355526,33.4187784,,,
,186,2391072692,,,0,,,,-111.935558,33.4189915,,,
,187,2391072694,,,0,,,,-111.9354571,33.4187782,,,
,188,2391072705,,,0,,,,-111.9350706,33.4189897,,,
,189,2625358988,,,0,,,,-111.9381522,33.4149971,,,
,190,2625358994,traffic_signals,,1,,,,-111.9394923,33.4160741,10,,
,191,2625358998,,,0,,,,-111.9398371,33.4170325,,,
,192,2625359002,,,0,,,,-111.9398439,33.4174549,,,
,193,2625359004,,,0,,,,-111.9398468,33.4176189,,,
,194,2625359006,traffic_signals,,1,,,,-111.939854,33.4190575,1,,
,195,2625359008,traffic_signals,,1,,,,-111.9398833,33.4204904,22,,
,196,2625359013,traffic_signals,,1,,,,-111.9399685,33.4231886,3,,
,197,2625359015,traffic_signals,,1,,,,-111.9399523,33.4243448,8,,
,198,2625359016,traffic_signals,,1,,,,-111.9399606,33.425492,11,,
,199,2625359017,traffic_signals,,1,,,,-111.9399641,33.4264662,0,,
,200,2625359019,,,0,,,,-111.9395019,33.4273825,,,
,201,2625359021,traffic_signals,,1,,,,-111.9399633,33.4273851,9,,
,202,2625359028,traffic_signals,,1,,,,-111.9399635,33.4295773,5,,
,203,2625359030,crossing,,0,,,,-111.9399703,33.4297456,,,
,204,2626664037,,,0,,,,-111.9376334,33.4243567,,,
,205,2671959118,,,0,,,,-111.9289501,33.4212297,,,
,206,2671959136,,,0,,,,-111.9278768,33.4204281,,,
,207,2671959141,crossing,,0,,,,-111.9271059,33.4206201,,,
,208,2671959143,traffic_signals,,1,,,,-111.9262866,33.4202798,,,
,209,2671959148,,,0,,,,-111.9269758,33.420725,,,
,210,2671959150,,,0,,,,-111.9267721,33.4203343,,,
,211,2671959166,,,0,,,,-111.9274171,33.4203292,,,
,212,2704829946,,,0,,,,-111.9262331,33.420595,,,
,213,2704829947,,,0,,,,-111.9263871,33.4206018,,,
,214,2704829948,traffic_signals,,1,,,,-111.9264076,33.4220275,13,,
,215,2704829949,,,0,,,,-111.9262331,33.4228357,,,
,216,2704829953,,,0,,,,-111.9262287,33.4233394,,,
,217,2704829954,,,0,,,,-111.9258887,33.4233401,,,
,218,2704829955,,,0,,,,-111.9255869,33.4233407,,,
,219,2704829964,,,0,,,,-111.9263882,33.4238834,,,
,220,2704829966,,,0,,,,-111.9259069,33.4244988,,,
,221,2704829968,traffic_signals,,1,,,,-111.9263814,33.4245047,20,,
,222,2704829974,,,0,,,,-111.9262833,33.4283177,,,
,223,2714317913,,,0,,,,-111.9236237,33.4283392,,,
,224,2714317914,,,0,,,,-111.9413318,33.4285186,,,
,225,2714317917,traffic_signals,,1,,,,-111.9293051,33.4287835,16,,
,226,2714317919,,,0,,,,-111.9297937,33.4287965,,,
,227,2714317927,,,0,,,,-111.9239233,33.4288837,,,
,228,2714317928,traffic_signals,,1,,,,-111.9262837,33.4288957,14,,
,229,2714317933,,,0,,,,-111.9239819,33.4289759,,,
,230,2714317935,,,0,,,,-111.9341457,33.4293078,,,
,231,2714317936,traffic_signals,,1,,,,-111.9312478,33.4291369,12,,
,232,2714317949,,,0,,,,-111.9232919,33.4292614,,,
,233,2714317997,,,0,,,,-111.9322313,33.4294306,,,
,234,2714318003,,,0,,,,-111.941344,33.4294485,,,
,235,2714318007,traffic_signals,,1,,,,-111.934056,33.4294897,7,,
,236,2714318017,,,0,,,,-111.9409154,33.429599,,,
,237,2714318018,traffic_signals,,1,,,,-111.9339783,33.4296433,7,,
,238,2714318020,,,0,,,,-111.9240031,33.4296451,,,
,239,2714318022,traffic_signals,,1,,,,-111.9400919,33.4296678,5,,
,240,2714318023,traffic_signals,,1,,,,-111.9399677,33.4296814,5,,
,241,2714318026,,,0,,,,-111.9343207,33.4298487,,,
,242,2714318029,,,0,,,,-111.9385326,33.4299576,,,
,243,2714318030,,,0,,,,-111.9349285,33.4300573,,,
,244,2714318034,,,0,,,,-111.935073,33.4303006,,,
,245,2714318037,traffic_signals,,1,,,,-111.9374158,33.430404,6,,
,246,2714318042,traffic_signals,,1,,,,-111.9374752,33.4305167,6,,
,247,2714318044,,,0,,,,-111.9357828,33.4306033,,,
,248,2714318048,,,0,,,,-111.9336739,33.4302638,,,
,249,2764948827,,,0,,,,-111.9262985,33.4179757,,,
,250,2822050829,crossing,,0,,,,-111.926407,33.4218739,,,
,251,2822050830,crossing,,0,,,,-111.9262412,33.421881,,,
,252,2860653270,traffic_signals,,1,,,,-111.9366619,33.4219911,4,,
,253,2916287189,crossing,,0,,,,-111.9262855,33.4290006,,,
,254,2916726375,traffic_signals,,1,,,,-111.9381452,33.4219872,17,,
,255,2916900608,,,0,,,,-111.9358858,33.4273311,,,
,256,2916900654,,,0,,,,-111.9392114,33.4296405,,,
,257,2941419916,traffic_signals,,1,,,,-111.9398936,33.4218943,18,,
,258,2941419917,traffic_signals,,1,,,,-111.9398966,33.4219821,18,,
,259,2976266966,,,0,,,,-111.9247347,33.4177853,,,
,260,2976266970,,,0,,,,-111.9249009,33.4168044,,,
,261,2978013673,,,0,,,,-111.9275425,33.4220137,,,
,262,2978013676,,,0,,,,-111.9270745,33.4220186,,,
,263,2978047862,,,0,,,,-111.92561,33.4220306,,,
,264,2978047863,,,0,,,,-111.9255993,33.4214284,,,
,265,2978047865,,,0,,,,-111.9253713,33.4220302,,,
,266,2978047866,,,0,,,,-111.9248832,33.4220294,,,
,267,2978047869,,,0,,,,-111.9254773,33.4211149,,,
,268,2978047870,,,0,,,,-111.9252412,33.42105,,,
,269,2978047871,,,0,,,,-111.9250879,33.4212074,,,
,270,2978047873,,,0,,,,-111.924881,33.4218839,,,
,271,2978047874,,,0,,,,-111.9256992,33.4211631,,,
,272,2978050907,,,0,,,,-111.9240906,33.4217977,,,
,273,2978050908,,,0,,,,-111.9240937,33.4207915,,,
,274,2978063346,,,0,,,,-111.9252817,33.4194146,,,
,275,2978063349,,,0,,,,-111.9256872,33.4197764,,,
,276,2978084454,,,0,,,,-111.9237762,33.4180637,,,
,277,2978084465,,,0,,,,-111.9234834,33.4178029,,,
,278,2978087276,,,0,,,,-111.9228355,33.4202623,,,
,279,2979158955,,,0,,,,-111.9232354,33.4183341,,,
,280,3101265424,,,0,,,,-111.9399748,33.4301976,,,
,281,3101265426,,,0,,,,-111.9412674,33.4261177,,,
,282,3101265427,,,0,,,,-111.9412736,33.4254885,,,
,283,3101265641,,,0,,,,-111.9412665,33.4243385,,,
,284,3101265647,,,0,,,,-111.9401399,33.4303209,,,
,285,3458373556,,,0,,,,-111.9228073,33.4147175,,,
,286,3468587194,,,0,,,,-111.936723,33.4140374,,,
,287,3468587195,,,0,,,,-111.9366051,33.4144951,,,
,288,3468587199,,,0,,,,-111.9369132,33.4144903,,,
,289,3468587200,,,0,,,,-111.9361482,33.4144959,,,
,290,3468587203,,,0,,,,-111.9357176,33.4144566,,,
,291,3468587204,,,0,,,,-111.9367329,33.4144931,,,
,292,3468587209,,,0,,,,-111.9350734,33.4143045,,,
,293,3468587211,,,0,,,,-111.9357115,33.4143,,,
,294,3468587212,,,0,,,,-111.9350708,33.4141524,,,
,295,3468587215,,,0,,,,-111.9369054,33.4140335,,,
,296,3468587218,,,0,,,,-111.9350737,33.4144636,,,
,297,3468587219,,,0,,,,-111.9357062,33.41415,,,
,298,3468588329,,,0,,,,-111.9352392,33.416272,,,
,299,3468588331,,,0,,,,-111.9363553,33.4161918,,,
,300,3468588332,,,0,,,,-111.9361673,33.4163482,,,
,301,3613374067,,,0,,,,-111.9366173,33.4190676,,,
,302,3617640479,,,0,,,,-111.9259635,33.4297891,,,
,303,3642940510,,,0,,,,-111.938161,33.4254954,,,
,304,3703511850,,,0,,,,-111.9228435,33.4205628,,,
,305,3703511861,,,0,,,,-111.923216,33.4220268,,,
,306,3703511862,,,0,,,,-111.9245967,33.4220289,,,
,307,3703511863,,,0,,,,-111.9245475,33.4236878,,,
,308,3712803330,,,0,,,,-111.9381205,33.4205221,,,
,309,3983483484,,,0,,,,-111.9391606,33.4145063,,,
,310,3983483499,,,0,,,,-111.939166,33.4147167,,,
,311,4031395714,,,0,,,,-111.9375492,33.4231973,,,
,312,4031395715,,,0,,,,-111.9375491,33.4231298,,,
,313,4277534305,traffic_signals,,1,,,,-111.9312927,33.4290308,12,,
,314,4277534306,,,0,,,,-111.931371,33.4288371,,,
,315,4346569402,,,0,,,,-111.9399016,33.4142825,,,
,316,4346569403,,,0,,,,-111.939969,33.4151097,,,
,317,4346575408,,,0,,,,-111.9370216,33.4146084,,,
,318,4346575409,,,0,,,,-111.9335205,33.4146455,,,
,319,4346575410,,,0,,,,-111.9314439,33.4146642,,,
,320,4346575411,,,0,,,,-111.9267485,33.4146993,,,
,321,4346575412,,,0,,,,-111.9361384,33.4147313,,,
,322,4346575413,,,0,,,,-111.9342173,33.4147571,,,
,323,4346575414,,,0,,,,-111.9322177,33.4147716,,,
,324,4346575415,,,0,,,,-111.9300149,33.4147941,,,
,325,4346575416,,,0,,,,-111.9258763,33.414841,,,
,326,4346575417,,,0,,,,-111.9400269,33.417428,,,
,327,4346577513,,,0,,,,-111.9398502,33.4186881,,,
,328,4346577514,,,0,,,,-111.9398505,33.4187373,,,
,329,4346577515,,,0,,,,-111.9398606,33.4193366,,,
,330,4346577516,,,0,,,,-111.9400338,33.4194368,,,
,331,4346577517,,,0,,,,-111.9398661,33.4195538,,,
,332,4346577518,,,0,,,,-111.9398665,33.419777,,,
,333,4346577519,,,0,,,,-111.9398722,33.4200156,,,
,334,4346577520,,,0,,,,-111.9398812,33.4202361,,,
,335,4346577521,,,0,,,,-111.939894,33.4211696,,,
,336,4346577522,,,0,,,,-111.9398957,33.4212893,,,
,337,4346581618,,,0,,,,-111.9400741,33.4225274,,,
,338,4346581619,,,0,,,,-111.9400646,33.4234469,,,
,339,4346581620,,,0,,,,-111.9399588,33.4240116,,,
,340,4346581621,,,0,,,,-111.9400789,33.424691,,,
,341,4346581622,,,0,,,,-111.939958,33.4251292,,,
,342,4346581623,,,0,,,,-111.9400785,33.4260353,,,
,343,4346586751,,,0,,,,-111.9399634,33.422988,,,
,344,4346586752,,,0,,,,-111.9399637,33.426342,,,
,345,4346586753,,,0,,,,-111.939964,33.4270359,,,
,346,4346586754,,,0,,,,-111.9400691,33.4277606,,,
,347,4346586755,,,0,,,,-111.9399618,33.4281865,,,
,348,4346586756,,,0,,,,-111.9399616,33.4284311,,,
,349,4346586757,,,0,,,,-111.9399996,33.4286739,,,
,350,4346586758,,,0,,,,-111.9399832,33.4290713,,,
,351,4346586759,,,0,,,,-111.9399845,33.4292269,,,
,352,4346605154,,,0,,,,-111.9417462,33.4219298,,,
,353,4346605155,,,0,,,,-111.9407478,33.4219322,,,
,354,4346605156,,,0,,,,-111.9407002,33.4219284,,,
,355,4346605157,,,0,,,,-111.9390184,33.4219833,,,
,356,4346605160,,,0,,,,-111.9273877,33.4220144,,,
,357,4346605161,,,0,,,,-111.9295985,33.4220148,,,
,358,4346605163,,,0,,,,-111.9285987,33.4220169,,,
,359,4346605164,,,0,,,,-111.9271825,33.4220171,,,
,360,4346605166,,,0,,,,-111.9254096,33.4220303,,,
,361,4346605167,,,0,,,,-111.9401286,33.4302061,,,
,362,4346611232,,,0,,,,-111.9272141,33.4288263,,,
,363,4346611233,,,0,,,,-111.9253831,33.4288338,,,
,364,4346611234,,,0,,,,-111.9284571,33.4288722,,,
,365,4346611235,,,0,,,,-111.9279262,33.428948,,,
,366,4346613073,,,0,,,,-111.9300918,33.4286969,,,
,367,4346613074,,,0,,,,-111.9332589,33.42946,,,
,368,4346613075,,,0,,,,-111.9333493,33.4294743,,,
,369,4346614526,,,0,,,,-111.9391291,33.4297717,,,
,370,4346614527,,,0,,,,-111.9345889,33.429813,,,
,371,4346614528,,,0,,,,-111.9346717,33.4298726,,,
,372,4346614529,,,0,,,,-111.936793,33.4306734,,,
,373,4346615106,,,0,,,,-111.9406832,33.4295107,,,
,374,4346615107,,,0,,,,-111.9420775,33.4295382,,,
,375,4346615108,,,0,,,,-111.9417837,33.4295365,,,
,376,4347879966,,,0,,,,-111.9262948,33.4140912,,,
,377,4347879971,,,0,,,,-111.9262936,33.4155005,,,
,378,4347879972,,,0,,,,-111.9263066,33.4163725,,,
,379,4347879974,,,0,,,,-111.9263004,33.4173778,,,
,380,4347879975,,,0,,,,-111.9263,33.4175412,,,
,381,4347879977,,,0,,,,-111.9262955,33.4184244,,,
,382,4347879978,,,0,,,,-111.9262944,33.4185822,,,
,383,4347879979,,,0,,,,-111.9262872,33.419546,,,
,384,4347879980,,,0,,,,-111.9263916,33.4208903,,,
,385,4347879981,,,0,,,,-111.9262395,33.4214276,,,
,386,4347879983,,,0,,,,-111.9264012,33.4227473,,,
,387,4347879985,,,0,,,,-111.9262248,33.4242002,,,
,388,4347879986,,,0,,,,-111.926379,33.4250061,,,
,389,4347879988,,,0,,,,-111.9262931,33.4294787,,,
,390,4636339195,,,0,,,,-111.9389303,33.4203559,,,
,391,4636339196,,,0,,,,-111.9397155,33.4203437,,,
,392,4636339197,,,0,,,,-111.9397113,33.4201764,,,
,393,4636339198,,,0,,,,-111.938929,33.4201862,,,
,394,4636339199,,,0,,,,-111.9389275,33.4199818,,,
,395,4636339213,,,0,,,,-111.9389314,33.4205069,,,
,396,4636339217,,,0,,,,-111.9385716,33.4205143,,,
,397,4636339222,,,0,,,,-111.9389306,33.4203939,,,
,398,4636339231,,,0,,,,-111.9384391,33.4205166,,,
,399,4636339233,,,0,,,,-111.9397193,33.4204945,,,
,400,4716102663,,,0,,,,-111.9277064,33.4186462,,,
,401,4716102664,,,0,,,,-111.9277208,33.418371,,,
,402,4716102665,,,0,,,,-111.9262981,33.4180334,,,
,403,4716102666,,,0,,,,-111.9266251,33.4179311,,,
,404,4716102667,,,0,,,,-111.9266248,33.4178403,,,
,405,4716102668,,,0,,,,-111.9262995,33.4177493,,,
,406,4716134185,traffic_signals,,1,,,,-111.9291473,33.4148012,,,
,407,4716134186,traffic_signals,,1,,,,-111.9291456,33.4146674,,,
,408,4716137945,,,0,,,,-111.9326901,33.4173693,,,
,409,4716137948,,,0,,,,-111.9313904,33.4174105,,,
,410,4716137951,,,0,,,,-111.9301745,33.4173982,,,
,411,4716137952,,,0,,,,-111.9313989,33.4183647,,,
,412,5013837645,traffic_signals,,1,,,,-111.926243,33.4220288,13,,
,413,5038165915,,,0,,,,-111.9382137,33.4237066,,,
,414,5078867005,,,0,,,,-111.9273686,33.4148082,,,
,415,5078867154,,,0,,,,-111.9245817,33.4147173,,,
,416,5078867483,,,0,,,,-111.9240547,33.4148207,,,
,417,5080816830,,,0,,,,-111.9414555,33.4238427,,,
,418,5080817378,,,0,,,,-111.9416982,33.4236367,,,
,419,5133355428,,,0,,,,-111.9263688,33.4275117,,,
,420,5133355429,,,0,,,,-111.9262149,33.4275095,,,
,421,5146893078,,,0,,,,-111.9273721,33.4146852,,,
,422,5162981682,,,0,,,,-111.9381867,33.4300134,,,
,423,5165002575,,,0,,,,-111.9305333,33.4289205,,,
,424,5176314770,traffic_signals,,1,,,,-111.9307663,33.4220474,21,,
,425,5200239622,,,0,,,,-111.9349493,33.414314,,,
,426,5200239623,,,0,,,,-111.9349498,33.4155051,,,
,427,5200239624,,,0,,,,-111.9349531,33.4160981,,,
,428,5201685461,,,0,,,,-111.9254719,33.4195877,,,
,429,5201685462,,,0,,,,-111.9305745,33.4152628,,,
,430,5201685464,,,0,,,,-111.928844,33.4180457,,,
,431,5201685465,,,0,,,,-111.9288801,33.4195869,,,
,432,5201685466,,,0,,,,-111.9289065,33.4200493,,,
,433,5201685467,,,0,,,,-111.9289618,33.4208697,,,
,434,5201685468,,,0,,,,-111.9289364,33.4215873,,,
,435,5201685469,,,0,,,,-111.9293204,33.422626,,,
,436,5201685470,,,0,,,,-111.9295097,33.4227418,,,
,437,5201685471,,,0,,,,-111.9290413,33.4223935,,,
,438,5201685472,,,0,,,,-111.9291136,33.4224748,,,
,439,5201685473,,,0,,,,-111.9339446,33.4251998,,,
,440,5201685474,,,0,,,,-111.9358356,33.4255093,,,
,441,5260151499,,,0,,,,-111.9358468,33.4219032,,,
,442,5260151502,,,0,,,,-111.9356516,33.4219032,,,
,443,5260151509,,,0,,,,-111.9256051,33.4168157,,,
,444,5260151510,,,0,,,,-111.925649,33.4171218,,,
,445,5260151511,,,0,,,,-111.926301,33.4171287,,,
,446,5260151512,,,0,,,,-111.9256098,33.4170391,,,
,447,5260151517,,,0,,,,-111.9260441,33.4171261,,,
,448,5260153460,,,0,,,,-111.9262944,33.415557,,,
,449,5260153468,,,0,,,,-111.926304,33.4162298,,,
,450,5260153469,,,0,,,,-111.925537,33.416025,,,
,451,5260153470,,,0,,,,-111.9258315,33.4161141,,,
,452,5260153475,,,0,,,,-111.9261019,33.4162328,,,
,453,5260153497,,,0,,,,-111.9255779,33.420291,,,
,454,5260153498,,,0,,,,-111.9250523,33.4202743,,,
,455,5260153500,,,0,,,,-111.9250023,33.4196184,,,
,456,5260153501,,,0,,,,-111.9251975,33.4194764,,,
,457,5260153502,,,0,,,,-111.925212,33.4202793,,,
,458,5260153503,,,0,,,,-111.9254266,33.4202862,,,
,459,5260153504,,,0,,,,-111.9254104,33.4196428,,,
,460,5260153505,,,0,,,,-111.9248616,33.4195037,,,
,461,5260153506,,,0,,,,-111.9255748,33.4200314,,,
,462,5260153507,,,0,,,,-111.9257844,33.4200347,,,
,463,5260153516,,,0,,,,-111.9262994,33.4177845,,,
,464,5260153518,,,0,,,,-111.9256679,33.4172357,,,
,465,5260153519,,,0,,,,-111.92533,33.4168113,,,
,466,5260153520,,,0,,,,-111.92532,33.4178013,,,
,467,5260200660,,,0,,,,-111.9334415,33.4160891,,,
,468,5260200663,,,0,,,,-111.9339404,33.4160921,,,
,469,5260200672,,,0,,,,-111.9278399,33.4248549,,,
,470,5260200674,,,0,,,,-111.9282518,33.4246943,,,
,471,5260200678,,,0,,,,-111.9282607,33.4250285,,,
,472,5260200679,,,0,,,,-111.9278425,33.4250356,,,
,473,5260200680,,,0,,,,-111.9282474,33.4244664,,,
,474,5260200681,,,0,,,,-111.9282662,33.4251912,,,
,475,5260200682,,,0,,,,-111.9278467,33.4251994,,,
,476,5260200683,,,0,,,,-111.928272,33.4253649,,,
,477,5260200684,,,0,,,,-111.9278509,33.4253663,,,
,478,5260200685,,,0,,,,-111.9255963,33.4236844,,,
,479,5260200686,,,0,,,,-111.9245806,33.4225776,,,
,480,5260200690,,,0,,,,-111.9255916,33.4235113,,,
,481,5260200691,,,0,,,,-111.9245531,33.4235126,,,
,482,5260200692,,,0,,,,-111.9255892,33.423204,,,
,483,5260200693,,,0,,,,-111.924562,33.423208,,,
,484,5260200694,,,0,,,,-111.9245746,33.4227795,,,
,485,5260200695,,,0,,,,-111.9255963,33.422774,,,
,486,5260200696,,,0,,,,-111.9255939,33.4229161,,,
,487,5260200697,,,0,,,,-111.9245705,33.4229214,,,
,488,5260200698,,,0,,,,-111.9255913,33.4230717,,,
,489,5260200699,,,0,,,,-111.9245662,33.4230674,,,
,490,5260200700,,,0,,,,-111.9254123,33.4235115,,,
,491,5260200701,,,0,,,,-111.925409,33.4232047,,,
,492,5260200702,,,0,,,,-111.9254107,33.4233584,,,
,493,5260200703,,,0,,,,-111.9245575,33.423361,,,
,494,5260201424,,,0,,,,-111.9230914,33.4238146,,,
,495,5260201425,,,0,,,,-111.9230954,33.4240422,,,
,496,5260201427,,,0,,,,-111.9245266,33.4238303,,,
,497,5260201433,,,0,,,,-111.9229656,33.4240465,,,
,498,5260201434,,,0,,,,-111.9259041,33.4267763,,,
,499,5260201435,,,0,,,,-111.9241972,33.4267921,,,
,500,5260201442,,,0,,,,-111.92399,33.4268463,,,
,501,5260201443,,,0,,,,-111.9234614,33.4268514,,,
,502,5260201456,,,0,,,,-111.92459,33.4222585,,,
,503,5260201458,,,0,,,,-111.9241992,33.4230644,,,
,504,5260201459,,,0,,,,-111.9228975,33.4230536,,,
,505,5260201460,,,0,,,,-111.9242011,33.4226044,,,
,506,5260201463,,,0,,,,-111.9245096,33.4222591,,,
,507,5260201464,,,0,,,,-111.9242004,33.4227628,,,
,508,5260201465,,,0,,,,-111.9245753,33.422756,,,
,509,5260201466,,,0,,,,-111.9241997,33.4229241,,,
,510,5260201467,,,0,,,,-111.9231128,33.4230554,,,
,511,5260201470,,,0,,,,-111.9239287,33.4230605,,,
,512,5260201471,,,0,,,,-111.9239274,33.4232082,,,
,513,5260201472,,,0,,,,-111.9231128,33.4232081,,,
,514,5260201473,,,0,,,,-111.9239262,33.4233522,,,
,515,5260201474,,,0,,,,-111.9231128,33.4233522,,,
,516,5260201475,,,0,,,,-111.9239249,33.4235109,,,
,517,5260201476,,,0,,,,-111.9231127,33.423511,,,
,518,5260253646,,,0,,,,-111.9311016,33.4193141,,,
,519,5260253648,,,0,,,,-111.93174,33.4183562,,,
,520,5260253667,,,0,,,,-111.9328931,33.4183363,,,
,521,5260253671,,,0,,,,-111.934045,33.4188799,,,
,522,5260253672,,,0,,,,-111.9329037,33.4188919,,,
,523,5260253686,,,0,,,,-111.9344007,33.4202766,,,
,524,5260253689,,,0,,,,-111.9342885,33.4202734,,,
,525,5260253690,,,0,,,,-111.9397187,33.4192457,,,
,526,5260253691,,,0,,,,-111.9383027,33.4192491,,,
,527,5260253692,,,0,,,,-111.9397189,33.4195681,,,
,528,5260253693,,,0,,,,-111.9398663,33.4195688,,,
,529,5260253694,,,0,,,,-111.9390751,33.4192473,,,
,530,5260253695,,,0,,,,-111.9390792,33.4195681,,,
,531,5260253696,,,0,,,,-111.9383074,33.4198542,,,
,532,5260253697,,,0,,,,-111.9390776,33.4194402,,,
,533,5260253698,,,0,,,,-111.9383043,33.4194504,,,
,534,5260253699,,,0,,,,-111.9387914,33.419444,,,
,535,5260253700,,,0,,,,-111.9387913,33.4192479,,,
,536,5260253701,,,0,,,,-111.9387912,33.4190679,,,
,537,5260253702,,,0,,,,-111.9394839,33.4192463,,,
,538,5260253703,,,0,,,,-111.9394774,33.4190577,,,
,539,5260253713,,,0,,,,-111.9394773,33.4189278,,,
,540,5260253714,,,0,,,,-111.9394772,33.4187928,,,
,541,5260253717,,,0,,,,-111.939477,33.418561,,,
,542,5260253718,,,0,,,,-111.9398457,33.4184381,,,
,543,5260253720,,,0,,,,-111.9387922,33.4183793,,,
,544,5260254839,,,0,,,,-111.9333227,33.4210363,,,
,545,5260254841,,,0,,,,-111.9328962,33.4208639,,,
,546,5260254842,,,0,,,,-111.9329955,33.4210352,,,
,547,5261027128,,,0,,,,-111.9283645,33.4287643,,,
,548,5261052468,,,0,,,,-111.9309566,33.4213065,,,
,549,5261052497,,,0,,,,-111.9339909,33.4220122,,,
,550,5261052506,,,0,,,,-111.9318696,33.4235574,,,
,551,5261052507,,,0,,,,-111.9317117,33.4236774,,,
,552,5261065087,,,0,,,,-111.9333238,33.4212177,,,
,553,5261065090,,,0,,,,-111.9334794,33.4212173,,,
,554,5261568602,,,0,,,,-111.9280117,33.4194133,,,
,555,5264768450,,,0,,,,-111.9293874,33.4249509,,,
,556,5264768451,,,0,,,,-111.9300542,33.4247918,,,
,557,5264768452,,,0,,,,-111.9293845,33.4247966,,,
,558,5264768453,,,0,,,,-111.9299939,33.4245944,,,
,559,5264768454,,,0,,,,-111.9293807,33.4245943,,,
,560,5264768458,,,0,,,,-111.9296913,33.4256535,,,
,561,5264768466,,,0,,,,-111.9302972,33.4266966,,,
,562,5264768467,,,0,,,,-111.930531,33.4268561,,,
,563,5264768470,,,0,,,,-111.9305266,33.4271411,,,
,564,5264768472,,,0,,,,-111.9303644,33.4274764,,,
,565,5264768474,,,0,,,,-111.9306277,33.4280897,,,
,566,5264768476,,,0,,,,-111.9315381,33.4285413,,,
,567,5264768478,,,0,,,,-111.9333055,33.4286435,,,
,568,5264768480,,,0,,,,-111.9335544,33.4283512,,,
,569,5264768485,,,0,,,,-111.9294348,33.4267135,,,
,570,5264768486,,,0,,,,-111.9294738,33.426711,,,
,571,5264768487,,,0,,,,-111.9294833,33.4271529,,,
,572,5264768488,,,0,,,,-111.9306017,33.4270254,,,
,573,5264768489,,,0,,,,-111.9294818,33.4270365,,,
,574,5264768490,,,0,,,,-111.9294777,33.4268703,,,
,575,5264768491,,,0,,,,-111.9300337,33.4265151,,,
,576,5264768492,,,0,,,,-111.9294296,33.4265206,,,
,577,5264768493,,,0,,,,-111.9298811,33.4263508,,,
,578,5264768494,,,0,,,,-111.9294251,33.4263545,,,
,579,5264768495,,,0,,,,-111.929786,33.4261743,,,
,580,5264768496,,,0,,,,-111.9294204,33.4261784,,,
,581,5264768497,,,0,,,,-111.929713,33.425994,,,
,582,5264768498,,,0,,,,-111.9294155,33.4259987,,,
,583,5264768499,,,0,,,,-111.9296738,33.4258202,,,
,584,5264768500,,,0,,,,-111.9294108,33.4258239,,,
,585,5264768501,,,0,,,,-111.9294063,33.4256552,,,
,586,5264768502,,,0,,,,-111.9297477,33.4254648,,,
,587,5264768503,,,0,,,,-111.9294012,33.4254655,,,
,588,5264768504,,,0,,,,-111.9298377,33.4252789,,,
,589,5264768505,,,0,,,,-111.9293963,33.4252821,,,
,590,5264768506,,,0,,,,-111.929981,33.4250959,,,
,591,5264768507,,,0,,,,-111.9293915,33.4251049,,,
,592,5264768508,,,0,,,,-111.9304157,33.427319,,,
,593,5264768509,,,0,,,,-111.929483,33.4273259,,,
,594,5264768510,,,0,,,,-111.9294828,33.4274878,,,
,595,5264768511,,,0,,,,-111.9305321,33.427646,,,
,596,5264768512,,,0,,,,-111.9294825,33.4276521,,,
,597,5264768513,,,0,,,,-111.930625,33.4278129,,,
,598,5264768514,,,0,,,,-111.9294823,33.4278153,,,
,599,5264768515,,,0,,,,-111.9293027,33.4279796,,,
,600,5264768516,,,0,,,,-111.9294828,33.4279773,,,
,601,5264768517,,,0,,,,-111.9306123,33.4285826,,,
,602,5264768518,,,0,,,,-111.9306169,33.4283064,,,
,603,5264768519,,,0,,,,-111.9294907,33.4283092,,,
,604,5264768520,,,0,,,,-111.9306248,33.4281484,,,
,605,5264768521,,,0,,,,-111.9294869,33.4281484,,,
,606,5264768522,,,0,,,,-111.9306265,33.4279636,,,
,607,5264768524,,,0,,,,-111.9294945,33.4284677,,,
,608,5264768525,,,0,,,,-111.9307653,33.4286261,,,
,609,5264768529,,,0,,,,-111.9321571,33.4286704,,,
,610,5264768531,,,0,,,,-111.9309651,33.4283014,,,
,611,5264768532,,,0,,,,-111.930966,33.4282344,,,
,612,5264768533,,,0,,,,-111.9309698,33.4286888,,,
,613,5264768534,,,0,,,,-111.9311592,33.4287591,,,
,614,5264768535,,,0,,,,-111.9311532,33.4283348,,,
,615,5264768536,,,0,,,,-111.9313612,33.4284464,,,
,616,5264768537,,,0,,,,-111.9315459,33.4288972,,,
,617,5264768538,,,0,,,,-111.9317594,33.4289706,,,
,618,5264768539,,,0,,,,-111.9317563,33.4285868,,,
,619,5264768540,,,0,,,,-111.9319574,33.4290307,,,
,620,5264768541,,,0,,,,-111.9319517,33.4286276,,,
,621,5264768571,,,0,,,,-111.9341663,33.4286358,,,
,622,5264768572,,,0,,,,-111.9339524,33.4286377,,,
,623,5264768573,,,0,,,,-111.9339555,33.4292252,,,
,624,5264768578,,,0,,,,-111.9325761,33.4286843,,,
,625,5264768579,,,0,,,,-111.9337602,33.4291744,,,
,626,5264768580,,,0,,,,-111.933759,33.4286395,,,
,627,5264768581,,,0,,,,-111.9335654,33.4291417,,,
,628,5264768582,,,0,,,,-111.9335594,33.4286413,,,
,629,5264768583,,,0,,,,-111.9333689,33.4291283,,,
,630,5264768584,,,0,,,,-111.9333596,33.4286431,,,
,631,5264768585,,,0,,,,-111.9331758,33.429126,,,
,632,5264768586,,,0,,,,-111.9331658,33.4286514,,,
,633,5264768587,,,0,,,,-111.9329761,33.4291291,,,
,634,5264768588,,,0,,,,-111.9329697,33.4286623,,,
,635,5264768589,,,0,,,,-111.9327733,33.4291323,,,
,636,5264768590,,,0,,,,-111.932764,33.4286738,,,
,637,5264768591,,,0,,,,-111.9337499,33.4281058,,,
,638,5264768592,,,0,,,,-111.929282,33.4267113,,,
,639,5264768593,,,0,,,,-111.9290505,33.4267156,,,
,640,5264768594,,,0,,,,-111.9290505,33.4271728,,,
,641,5264768595,,,0,,,,-111.928347,33.4271771,,,
,642,5264768598,,,0,,,,-111.9290505,33.4268413,,,
,643,5264768599,,,0,,,,-111.9283402,33.4268457,,,
,644,5264768600,,,0,,,,-111.9290505,33.4270081,,,
,645,5264768601,,,0,,,,-111.9283437,33.4270169,,,
,646,5264768602,,,0,,,,-111.9290503,33.4266614,,,
,647,5264768603,,,0,,,,-111.9283366,33.426668,,,
,648,5264768604,,,0,,,,-111.9290496,33.4265163,,,
,649,5264768605,,,0,,,,-111.9283335,33.4265207,,,
,650,5264768606,,,0,,,,-111.9290488,33.4263451,,,
,651,5264768607,,,0,,,,-111.9283301,33.4263516,,,
,652,5264768610,,,0,,,,-111.9290528,33.4273278,,,
,653,5264768611,,,0,,,,-111.9283515,33.4273337,,,
,654,5264768612,,,0,,,,-111.9290551,33.4274844,,,
,655,5264768613,,,0,,,,-111.928356,33.4274929,,,
,656,5264768614,,,0,,,,-111.9290576,33.4276545,,,
,657,5264768615,,,0,,,,-111.9283609,33.4276645,,,
,658,5264768616,,,0,,,,-111.9290624,33.4279818,,,
,659,5264768617,,,0,,,,-111.9283437,33.4279891,,,
,660,5264768618,,,0,,,,-111.9290601,33.4278287,,,
,661,5264768619,,,0,,,,-111.9283658,33.427836,,,
,662,5264768620,,,0,,,,-111.9290672,33.4283141,,,
,663,5264768621,,,0,,,,-111.9283797,33.4283199,,,
,664,5264768622,,,0,,,,-111.9290651,33.4281698,,,
,665,5264768623,,,0,,,,-111.9283757,33.42818,,,
,666,5264800157,,,0,,,,-111.9331958,33.4280667,,,
,667,5264800165,,,0,,,,-111.9331996,33.4275694,,,
,668,5264800166,,,0,,,,-111.933604,33.4280626,,,
,669,5264800167,,,0,,,,-111.9317423,33.4249818,,,
,670,5264800168,,,0,,,,-111.9320962,33.4250148,,,
,671,5264800170,,,0,,,,-111.93231,33.425009,,,
,672,5264800171,,,0,,,,-111.9324491,33.4246304,,,
,673,5264800173,,,0,,,,-111.9322023,33.4248219,,,
,674,5264800177,,,0,,,,-111.9334311,33.4251294,,,
,675,5264800184,,,0,,,,-111.9346837,33.4256687,,,
,676,5264800185,,,0,,,,-111.9344876,33.4259501,,,
,677,5264800187,,,0,,,,-111.933992,33.4260933,,,
,678,5264800200,,,0,,,,-111.9291529,33.4225115,,,
,679,5264800277,,,0,,,,-111.9310682,33.4213452,,,
,680,5264800283,,,0,,,,-111.929607,33.421211,,,
,681,5264800286,,,0,,,,-111.9292171,33.4212076,,,
,682,5264800287,,,0,,,,-111.9290573,33.4212076,,,
,683,5264800428,,,0,,,,-111.9287401,33.4209322,,,
,684,5264800429,,,0,,,,-111.9289538,33.4206435,,,
,685,5264800430,,,0,,,,-111.9287401,33.4206435,,,
,686,5264822996,,,0,,,,-111.9300747,33.4181245,,,
,687,5264835475,,,0,,,,-111.9335806,33.4211883,,,
,688,5266139528,,,0,,,,-111.9362338,33.4243617,,,
,689,5266139529,,,0,,,,-111.9362293,33.4237857,,,
,690,5266139530,,,0,,,,-111.9366703,33.423784,,,
,691,5266139531,,,0,,,,-111.9353903,33.423789,,,
,692,5266139532,,,0,,,,-111.9364635,33.4237848,,,
,693,5266139533,,,0,,,,-111.9364619,33.4242097,,,
,694,5266139534,,,0,,,,-111.9355078,33.424366,,,
,695,5266139538,,,0,,,,-111.9355056,33.4241499,,,
,696,5266139547,,,0,,,,-111.9382169,33.4231912,,,
,697,5266179144,,,0,,,,-111.939719,33.4273828,,,
,698,5266179149,,,0,,,,-111.9394953,33.4271462,,,
,699,5266179152,,,0,,,,-111.9387635,33.427076,,,
,700,5266179153,,,0,,,,-111.9395312,33.4280618,,,
,701,5266179154,,,0,,,,-111.939607,33.4281463,,,
,702,5266179155,,,0,,,,-111.9397371,33.428148,,,
,703,5266179156,,,0,,,,-111.9397309,33.4276066,,,
,704,5266179158,,,0,,,,-111.9397392,33.4283359,,,
,705,5266179159,,,0,,,,-111.9390244,33.4274963,,,
,706,5266180470,,,0,,,,-111.9388368,33.4254969,,,
,707,5266180474,,,0,,,,-111.9387984,33.4259044,,,
,708,5266180476,,,0,,,,-111.938872,33.4259047,,,
,709,5266180483,,,0,,,,-111.9389191,33.425873,,,
,710,5266180489,,,0,,,,-111.9388361,33.4257435,,,
,711,5266180543,,,0,,,,-111.9407747,33.4259878,,,
,712,5266180544,,,0,,,,-111.9412751,33.4259829,,,
,713,5266180546,,,0,,,,-111.9406267,33.425492,,,
,714,5266190108,,,0,,,,-111.9413419,33.429289,,,
,715,5266190109,,,0,,,,-111.9409281,33.4292918,,,
,716,5266190110,,,0,,,,-111.9409201,33.4285232,,,
,717,5266190111,,,0,,,,-111.9411162,33.4292905,,,
,718,5266190112,,,0,,,,-111.9411134,33.428521,,,
,719,5266190113,,,0,,,,-111.940709,33.4285255,,,
,720,5266190114,,,0,,,,-111.9407112,33.4286913,,,
,721,5266190115,,,0,,,,-111.940324,33.4286871,,,
,722,5266190116,,,0,,,,-111.9407194,33.4292932,,,
,723,5266190117,,,0,,,,-111.9407132,33.4288384,,,
,724,5266190118,,,0,,,,-111.9403218,33.428834,,,
,725,5280009872,crossing;traffic_signals,,1,,,,-111.9288549,33.4184369,,,
,726,5280019437,,,0,,,,-111.9238414,33.4251157,,,
,727,5280019461,,,0,,,,-111.9230609,33.4259595,,,
,728,5280019464,,,0,,,,-111.9238558,33.4260239,,,
,729,5280095733,,,0,,,,-111.9239886,33.429186,,,
,730,5280095735,,,0,,,,-111.9245591,33.4290082,,,
,731,5280095742,,,0,,,,-111.9247571,33.4294974,,,
,732,5280095744,,,0,,,,-111.9256578,33.429513,,,
,733,5280095745,,,0,,,,-111.925671,33.4290701,,,
,734,5280095746,,,0,,,,-111.9254701,33.4295098,,,
,735,5280095747,,,0,,,,-111.9254811,33.4290605,,,
,736,5280095748,,,0,,,,-111.9252978,33.4295068,,,
,737,5280095749,,,0,,,,-111.9253047,33.4290432,,,
,738,5280095750,,,0,,,,-111.9251101,33.4295035,,,
,739,5280095751,,,0,,,,-111.9251153,33.4290129,,,
,740,5280095752,,,0,,,,-111.92493,33.4295004,,,
,741,5280095753,,,0,,,,-111.9249351,33.4290005,,,
,742,5280095754,,,0,,,,-111.9247598,33.4290025,,,
,743,5280095755,,,0,,,,-111.9245637,33.4295534,,,
,744,5280095756,,,0,,,,-111.9243768,33.4296074,,,
,745,5280095757,,,0,,,,-111.9243802,33.4290442,,,
,746,5280095758,,,0,,,,-111.9241824,33.4296411,,,
,747,5280095759,,,0,,,,-111.9241905,33.4291091,,,
,748,5280095760,,,0,,,,-111.9260626,33.4295583,,,
,749,5280095763,,,0,,,,-111.9258238,33.4293933,,,
,750,5280102799,,,0,,,,-111.923802,33.4286633,,,
,751,5282342798,,,0,,,,-111.9276481,33.4300117,,,
,752,5300090281,,,0,,,,-111.9337004,33.4243083,,,
,753,5300090285,,,0,,,,-111.9337097,33.4240184,,,
,754,5300092738,,,0,,,,-111.9366683,33.4225993,,,
,755,5300092740,,,0,,,,-111.9349766,33.4226097,,,
,756,5300092741,,,0,,,,-111.9358976,33.4226037,,,
,757,5300092742,,,0,,,,-111.9358959,33.4224048,,,
,758,5300092743,,,0,,,,-111.9360598,33.4226028,,,
,759,5300092744,,,0,,,,-111.9360606,33.4221182,,,
,760,5300092745,,,0,,,,-111.9366668,33.4224568,,,
,761,5300092750,,,0,,,,-111.9362677,33.4219925,,,
,762,5300092759,,,0,,,,-111.9354766,33.423211,,,
,763,5300092760,,,0,,,,-111.9354743,33.4229532,,,
,764,5300092761,,,0,,,,-111.935472,33.4226061,,,
,765,5300092762,,,0,,,,-111.9354732,33.422904,,,
,766,5333539971,,,0,,,,-111.936655,33.4174833,,,
,767,5333539972,traffic_signals,,1,,,,-111.9366276,33.4162059,,,
,768,5333552457,,,0,,,,-111.9377708,33.4153699,,,
,769,5333552458,,,0,,,,-111.937561,33.4152208,,,
,770,5333552459,,,0,,,,-111.9376674,33.415286,,,
,771,5333560369,,,0,,,,-111.9366549,33.4176535,,,
,772,5338062390,,,0,,,,-111.9293144,33.4297279,,,
,773,5338062391,,,0,,,,-111.9291052,33.4297279,,,
,774,5338062393,,,0,,,,-111.9288155,33.4290564,,,
,775,5338062394,,,0,,,,-111.9284078,33.4290967,,,
,776,5338062396,,,0,,,,-111.9275721,33.4291917,,,
,777,5338062399,,,0,,,,-111.927404,33.4295623,,,
,778,5338062400,,,0,,,,-111.9282737,33.4296921,,,
,779,5338062401,,,0,,,,-111.9286814,33.4297414,,,
,780,5338062402,,,0,,,,-111.9282288,33.429123,,,
,781,5338062403,,,0,,,,-111.9288641,33.429739,,,
,782,5338062404,,,0,,,,-111.9286207,33.4290756,,,
,783,5338062405,,,0,,,,-111.9284682,33.4297156,,,
,784,5338062406,,,0,,,,-111.9280478,33.4296592,,,
,785,5338062407,,,0,,,,-111.9280143,33.4291546,,,
,786,5338062408,,,0,,,,-111.9278011,33.4296232,,,
,787,5338062409,,,0,,,,-111.9277797,33.4291769,,,
,788,5338062410,,,0,,,,-111.9273924,33.4291865,,,
,789,5338069290,,,0,,,,-111.9228981,33.4236505,,,
,790,5338069306,,,0,,,,-111.9228971,33.422726,,,
,791,5343247775,,,0,,,,-111.9317292,33.4215199,,,
,792,5343247776,,,0,,,,-111.9317246,33.4212406,,,
,793,5345624065,,,0,,,,-111.9381282,33.4241923,,,
,794,5345624069,,,0,,,,-111.9392877,33.4254971,,,
,795,5345624072,,,0,,,,-111.9390426,33.4254967,,,
,796,5351752244,,,0,,,,-111.9285714,33.4248545,,,
,797,5351752245,,,0,,,,-111.9285728,33.4249716,,,
,798,5351752246,,,0,,,,-111.928656,33.4249718,,,
,799,5351752247,,,0,,,,-111.9286547,33.4248525,,,
,800,5402920855,,,0,,,,-111.9323321,33.4241886,,,
,801,5402920859,,,0,,,,-111.9324067,33.4239684,,,
,802,5402920860,,,0,,,,-111.9349897,33.423492,,,
,803,5402920868,,,0,,,,-111.9346148,33.4234221,,,
,804,5402920869,,,0,,,,-111.9349907,33.423297,,,
,805,5402920871,,,0,,,,-111.934716,33.4232953,,,
,806,5414658105,,,0,,,,-111.9278714,33.4202692,,,
,807,5414658107,,,0,,,,-111.9278735,33.4203231,,,
,808,5414676038,,,0,,,,-111.927591,33.4295926,,,
,809,5414676039,,,0,,,,-111.9272089,33.4295623,,,
,810,5414676040,,,0,,,,-111.9271928,33.4291848,,,
,811,5414676041,,,0,,,,-111.9270093,33.4295623,,,
,812,5414676042,,,0,,,,-111.9269967,33.4291789,,,
,813,5414896260,,,0,,,,-111.9348483,33.416046,,,
,814,5414896262,,,0,,,,-111.9348914,33.4158986,,,
,815,5414896264,,,0,,,,-111.9348908,33.4150849,,,
,816,5414896266,,,0,,,,-111.9348568,33.4149241,,,
,817,5415311123,,,0,,,,-111.9386929,33.4231902,,,
,818,5415311126,,,0,,,,-111.9381423,33.4237845,,,
,819,5415398994,,,0,,,,-111.9288842,33.4196669,,,
,820,5415399000,,,0,,,,-111.9299919,33.4199813,,,
,821,5415399001,,,0,,,,-111.9290999,33.4196653,,,
,822,5415399004,,,0,,,,-111.9289025,33.4199815,,,
,823,5415707851,,,0,,,,-111.9300658,33.4175182,,,
,824,5618898812,,,0,,,,-111.9228964,33.4220263,,,
,825,5618898814,,,0,,,,-111.9240913,33.4220281,,,
,826,5621006658,,,0,,,,-111.9240933,33.4209345,,,
,827,5621006661,,,0,,,,-111.9240927,33.4211221,,,
,828,5621006662,,,0,,,,-111.9240922,33.4212927,,,
,829,5621006665,,,0,,,,-111.9240917,33.4214474,,,
,830,5646686286,,,0,,,,-111.9234869,33.4147174,,,
,831,5646686288,,,0,,,,-111.9230047,33.4138975,,,
,832,5646686289,,,0,,,,-111.9230047,33.4147175,,,
,833,5646686290,,,0,,,,-111.922806,33.4138802,,,
,834,5646686291,,,0,,,,-111.9237731,33.4147156,,,
,835,5646686292,,,0,,,,-111.9237711,33.4146152,,,
,836,5646686299,,,0,,,,-111.924063,33.4145158,,,
,837,5646686300,,,0,,,,-111.9251412,33.4147062,,,
,838,5646686304,,,0,,,,-111.9253514,33.4141426,,,
,839,5646686311,,,0,,,,-111.9260426,33.4141296,,,
,840,5646686312,,,0,,,,-111.9262947,33.4141212,,,
,841,5646686314,,,0,,,,-111.9238573,33.4139705,,,
,842,5646686315,,,0,,,,-111.9247194,33.4168015,,,
,843,5646686316,,,0,,,,-111.9247305,33.4157608,,,
,844,5646686318,,,0,,,,-111.9238278,33.4158147,,,
,845,5646687221,,,0,,,,-111.9232733,33.4167758,,,
,846,5646687222,,,0,,,,-111.9243362,33.4167953,,,
,847,5646687223,,,0,,,,-111.9243212,33.4157598,,,
,848,5646687224,,,0,,,,-111.9243235,33.4159223,,,
,849,5646687226,,,0,,,,-111.925416,33.4168125,,,
,850,5646687230,,,0,,,,-111.925551,33.4148387,,,
,851,5646687232,,,0,,,,-111.9256117,33.4152234,,,
,852,5646687233,,,0,,,,-111.9262895,33.4152234,,,
,853,5646687234,,,0,,,,-111.9245566,33.4148199,,,
,854,5646687236,,,0,,,,-111.924974,33.4151569,,,
,855,5646687237,,,0,,,,-111.9235864,33.414822,,,
,856,5646687238,,,0,,,,-111.9235857,33.4154847,,,
,857,5646687239,,,0,,,,-111.9228415,33.4148206,,,
,858,5646687240,,,0,,,,-111.9228452,33.4153555,,,
,859,5650675848,,,0,,,,-111.9285601,33.4146783,,,
,860,5651023931,,,0,,,,-111.9337642,33.4249627,,,
,861,5652939144,,,0,,,,-111.924569,33.4220289,,,
,862,5652939169,,,0,,,,-111.9238397,33.4220263,,,
,863,5652939172,,,0,,,,-111.923801,33.421674,,,
,864,5652939177,,,0,,,,-111.9236674,33.4216784,,,
,865,5652939178,,,0,,,,-111.9236646,33.4208455,,,
,866,5652965696,,,0,,,,-111.92322,33.420806,,,
,867,5657585098,,,0,,,,-111.9235861,33.4151168,,,
,868,5657585099,,,0,,,,-111.9235861,33.4150713,,,
,869,5657585100,,,0,,,,-111.9232058,33.4150693,,,
,870,5657585101,,,0,,,,-111.9232043,33.4148218,,,
,871,5657585103,,,0,,,,-111.9231828,33.4156478,,,
,872,5657585104,,,0,,,,-111.9237281,33.4156478,,,
,873,5657585107,,,0,,,,-111.9230808,33.4166353,,,
,874,5657585108,,,0,,,,-111.9230798,33.4159982,,,
,875,5657585109,,,0,,,,-111.9230789,33.4167704,,,
,876,5657594033,,,0,,,,-111.923122,33.4158205,,,
,877,5657605503,,,0,,,,-111.9232721,33.4166403,,,
,878,5657605504,,,0,,,,-111.9232662,33.4161892,,,
,879,5657605505,,,0,,,,-111.9235168,33.4161892,,,
,880,5657606442,,,0,,,,-111.9243327,33.4166708,,,
,881,5659857134,,,0,,,,-111.9255463,33.4150875,,,
,882,5659857139,,,0,,,,-111.9259618,33.4152218,,,
,883,5659857140,,,0,,,,-111.9260498,33.4152214,,,
,884,5659857141,,,0,,,,-111.9255508,33.4149161,,,
,885,5659857153,,,0,,,,-111.9260971,33.415315,,,
,886,5659857154,,,0,,,,-111.9256248,33.415318,,,
,887,5659857175,,,0,,,,-111.9262909,33.4153155,,,
,888,5659857176,,,0,,,,-111.9260401,33.4155786,,,
,889,5659857180,,,0,,,,-111.9259981,33.415967,,,
,890,5659857181,,,0,,,,-111.9257047,33.4155805,,,
,891,5659857188,,,0,,,,-111.9260458,33.4159755,,,
,892,5659857190,,,0,,,,-111.9263008,33.4159887,,,
,893,5665906149,,,0,,,,-111.9256813,33.4160687,,,
,894,5665906150,,,0,,,,-111.9256489,33.416095,,,
,895,5665906152,,,0,,,,-111.925583,33.4162289,,,
,896,5665906153,,,0,,,,-111.9255946,33.4164286,,,
,897,5665906154,,,0,,,,-111.9255953,33.4162825,,,
,898,5665906155,,,0,,,,-111.9257825,33.4168186,,,
,899,5665906174,,,0,,,,-111.9260097,33.4168223,,,
,900,5665906175,,,0,,,,-111.9260483,33.416717,,,
,901,5665906185,,,0,,,,-111.9254175,33.4167501,,,
,902,5665906186,,,0,,,,-111.9254179,33.4166276,,,
,903,5665906196,,,0,,,,-111.9263091,33.4165394,,,
,904,5665906197,,,0,,,,-111.9261086,33.4165399,,,
,905,5665961973,,,0,,,,-111.9259858,33.4169981,,,
,906,5665961998,,,0,,,,-111.9260865,33.4177881,,,
,907,5665983989,,,0,,,,-111.9249002,33.4169533,,,
,908,5665983990,,,0,,,,-111.9253289,33.4169521,,,
,909,5666064647,,,0,,,,-111.9243782,33.4180541,,,
,910,5666064648,,,0,,,,-111.9245692,33.4176004,,,
,911,5666064649,,,0,,,,-111.924134,33.4174805,,,
,912,5666064657,,,0,,,,-111.9245051,33.416798,,,
,913,5666064708,,,0,,,,-111.9239316,33.4180199,,,
,914,5666064710,,,0,,,,-111.9242455,33.4175112,,,
,915,5666064711,,,0,,,,-111.9239973,33.4179797,,,
,916,5671441766,,,0,,,,-111.9335998,33.4281907,,,
,917,5671441767,,,0,,,,-111.9326024,33.428154,,,
,918,5671441768,,,0,,,,-111.932655,33.4274652,,,
,919,5671920037,,,0,,,,-111.925169,33.4143185,,,
,920,5671920039,,,0,,,,-111.9250789,33.4140253,,,
,921,5682161720,,,0,,,,-111.9283702,33.4279888,,,
,922,5682163126,,,0,,,,-111.929292,33.4273267,,,
,923,5684994146,,,0,,,,-111.9262927,33.4154363,,,
,924,5687228373,,,0,,,,-111.9240156,33.4223529,,,
,925,5687228375,,,0,,,,-111.9237976,33.4226089,,,
,926,5687228376,,,0,,,,-111.9228968,33.4224269,,,
,927,5687228377,,,0,,,,-111.9231877,33.4224269,,,
,928,5687228378,,,0,,,,-111.9231839,33.4227061,,,
,929,5687228379,,,0,,,,-111.9236774,33.4227103,,,
,930,5687228380,,,0,,,,-111.9231903,33.4223037,,,
,931,5692081453,,,0,,,,-111.941512,33.4273775,,,
,932,5692081454,,,0,,,,-111.9415105,33.4270506,,,
,933,5707494413,,,0,,,,-111.9393949,33.4219819,,,
,934,5707494418,,,0,,,,-111.9394081,33.4231893,,,
,935,5762538168,,,0,,,,-111.9262393,33.4213576,,,
,936,5762538170,,,0,,,,-111.926034,33.4213604,,,
,937,5762538171,,,0,,,,-111.926034,33.4214946,,,
,938,5762538178,,,0,,,,-111.9261191,33.4216218,,,
,939,5762538182,,,0,,,,-111.925776,33.4216691,,,
,940,5762538183,,,0,,,,-111.925776,33.4218667,,,
,941,5762538184,,,0,,,,-111.9257789,33.4220309,,,
,942,5762538185,,,0,,,,-111.9260283,33.4216585,,,
,943,5762538187,,,0,,,,-111.925776,33.421746,,,
,944,5770246252,,,0,,,,-111.9412969,33.4136201,,,
,945,5770246653,,,0,,,,-111.9412965,33.4133997,,,
,946,5770246665,,,0,,,,-111.941295,33.4132435,,,
,947,5770246666,,,0,,,,-111.941806,33.4132414,,,
,948,5770246670,,,0,,,,-111.94146,33.4132428,,,
,949,5770246672,,,0,,,,-111.94022,33.4132479,,,
,950,5772238924,,,0,,,,-111.9262402,33.4216218,,,
,951,5806211155,,,0,,,,-111.9303151,33.4157235,,,
,952,5907768420,,,0,,,,-111.9236434,33.4141438,,,
,953,5907768421,,,0,,,,-111.9236472,33.4145292,,,
,954,5907768434,,,0,,,,-111.923486,33.4146127,,,
,955,5907768435,,,0,,,,-111.9230047,33.4146159,,,
,956,5907768436,,,0,,,,-111.9234855,33.4145541,,,
,957,5907768437,,,0,,,,-111.9230047,33.4145554,,,
,958,5938023074,,,0,,,,-111.9386591,33.4301382,,,
,959,5986666325,,,0,,,,-111.9407231,33.4213245,,,
,960,6088069155,,,0,,,,-111.9381331,33.4212166,,,
,961,6088069157,,,0,,,,-111.9374945,33.4208249,,,
,962,6283200444,,,0,,,,-111.9259966,33.421747,,,
,963,6283200445,,,0,,,,-111.9258286,33.4217463,,,
,964,6283200446,,,0,,,,-111.9259962,33.4216669,,,
,965,6283200447,,,0,,,,-111.9258282,33.4216686,,,
,966,6283500353,,,0,,,,-111.9253642,33.4147041,,,
,967,6283500354,,,0,,,,-111.9262961,33.4137476,,,
,968,6283500355,,,0,,,,-111.9260599,33.413747,,,
,969,6283500357,,,0,,,,-111.9255864,33.4141438,,,
,970,6283500360,,,0,,,,-111.9253615,33.4145474,,,
,971,6672805079,,,0,,,,-111.9406291,33.420916,,,
,972,6672805080,,,0,,,,-111.9400612,33.4209214,,,
,973,6672805081,,,0,,,,-111.9404563,33.4209176,,,
,974,6672805082,,,0,,,,-111.940451,33.4206896,,,
,975,6672805083,,,0,,,,-111.9400726,33.4212626,,,
,976,6672805084,,,0,,,,-111.9405663,33.4212609,,,
,977,6672807661,,,0,,,,-111.9388963,33.4219839,,,
,978,6672807663,,,0,,,,-111.9393945,33.4223619,,,
,979,6672807664,,,0,,,,-111.9388974,33.4220976,,,
,980,6672807665,,,0,,,,-111.9388994,33.4223047,,,
,981,6672814185,,,0,,,,-111.9405641,33.4210951,,,
,982,6672814187,,,0,,,,-111.9402342,33.4212617,,,
,983,6672814188,,,0,,,,-111.9406311,33.4210951,,,
,984,6672814189,,,0,,,,-111.940574,33.4219291,,,
,985,6672814190,,,0,,,,-111.9403244,33.4204887,,,
,986,6672814191,,,0,,,,-111.9403202,33.4202569,,,
,987,6672814192,,,0,,,,-111.940323,33.4204098,,,
,988,6672814193,,,0,,,,-111.9404501,33.4206125,,,
,989,6672814194,,,0,,,,-111.9404473,33.4204877,,,
,990,6672814195,,,0,,,,-111.9402126,33.4209187,,,
,991,6678068361,,,0,,,,-111.9300339,33.4212054,,,
,992,6678068362,,,0,,,,-111.9289516,33.4212032,,,
,993,6700910705,,,0,,,,-111.9307178,33.4289677,,,
,994,6700910711,,,0,,,,-111.9300228,33.4291802,,,
,995,6700910729,turning_circle,,0,,,,-111.9273728,33.413689,,,
,996,6700910732,,,0,,,,-111.9262963,33.4137059,,,
,997,6700910733,,,0,,,,-111.926957,33.4146975,,,
,998,6700910735,,,0,,,,-111.927371,33.4141223,,,
,999,6700910736,,,0,,,,-111.9269603,33.4142796,,,
,1000,6700910737,,,0,,,,-111.9273704,33.4142781,,,
,1001,6700910742,,,0,,,,-111.9273716,33.4139774,,,
,1002,6700910743,,,0,,,,-111.927083,33.4140042,,,
,1003,6700910747,,,0,,,,-111.9262957,33.4138447,,,
,1004,6700910748,,,0,,,,-111.9262972,33.4134638,,,
,1005,6700910750,,,0,,,,-111.9267797,33.4132711,,,
,1006,6700910751,,,0,,,,-111.9262979,33.4132664,,,
,1007,6700910761,,,0,,,,-111.9265506,33.4132689,,,
,1008,6700916706,,,0,,,,-111.933813,33.4146363,,,
,1009,6700916707,,,0,,,,-111.9329455,33.4141777,,,
,1010,6700916708,,,0,,,,-111.9329616,33.4146434,,,
,1011,6700916709,,,0,,,,-111.9338083,33.4143168,,,
,1012,6700916710,,,0,,,,-111.9329543,33.4143221,,,
,1013,6700916711,,,0,,,,-111.9338083,33.414481,,,
,1014,6700916712,,,0,,,,-111.9329537,33.4144792,,,
,1015,6700916715,,,0,,,,-111.9349469,33.4141674,,,
,1016,6700916716,,,0,,,,-111.9372288,33.4140277,,,
,1017,6700916717,,,0,,,,-111.9372334,33.4145237,,,
,1018,6700916718,,,0,,,,-111.940488,33.4190526,,,
,1019,6700916719,,,0,,,,-111.9404829,33.4188128,,,
,1020,6700916728,,,0,,,,-111.9405956,33.418696,,,
,1021,6700916729,,,0,,,,-111.9403467,33.418697,,,
,1022,6700916736,,,0,,,,-111.9405939,33.4183486,,,
,1023,6700916737,,,0,,,,-111.9400217,33.4183487,,,
,1024,6700916738,,,0,,,,-111.9400193,33.4179887,,,
,1025,6700916742,,,0,,,,-111.9405076,33.4176174,,,
,1026,6700916743,,,0,,,,-111.9400234,33.4185957,,,
,1027,6700916744,,,0,,,,-111.9405951,33.4185982,,,
,1028,6700916745,,,0,,,,-111.9405946,33.4185029,,,
,1029,6700916746,,,0,,,,-111.9404211,33.4185021,,,
,1030,6700916752,,,0,,,,-111.9404614,33.4190531,,,
,1031,6700916753,,,0,,,,-111.9404664,33.419412,,,
,1032,6700916754,,,0,,,,-111.9373581,33.4243583,,,
,1033,6700916756,,,0,,,,-111.9370272,33.4237895,,,
,1034,6700916757,,,0,,,,-111.9370222,33.4232024,,,
,1035,6700916759,,,0,,,,-111.9375509,33.4243581,,,
,1036,6700916761,,,0,,,,-111.9378362,33.4237833,,,
,1037,6700916764,,,0,,,,-111.9380235,33.423784,,,
,1038,6700916766,,,0,,,,-111.938838,33.4257367,,,
,1039,6710824625,,,0,,,,-111.9316145,33.423358,,,
,1040,6710824626,,,0,,,,-111.931479,33.4234892,,,
,1041,6710824627,,,0,,,,-111.9315104,33.4233165,,,
,1042,6710824628,,,0,,,,-111.9309224,33.4230183,,,
,1043,6710824630,,,0,,,,-111.9317186,33.4233205,,,
,1044,6786309058,,,0,,,,-111.9363494,33.4258095,,,
,1045,6786314013,,,0,,,,-111.936319,33.4255035,,,
,1046,6796038632,,,0,,,,-111.9377644,33.4242905,,,
,1047,6885482622,,,0,,,,-111.9407083,33.4243409,,,
,1048,6885482624,,,0,,,,-111.9407149,33.4247782,,,
,1049,6894982091,,,0,,,,-111.9258082,33.4205368,,,
,1050,6894982093,,,0,,,,-111.925818,33.420329,,,
,1051,6894982094,,,0,,,,-111.9259575,33.4205563,,,
,1052,6894982100,,,0,,,,-111.9254245,33.4206481,,,
,1053,6895027443,,,0,,,,-111.9306738,33.4140881,,,
,1054,6896147938,,,0,,,,-111.9409804,33.4147446,,,
,1055,6896147939,,,0,,,,-111.9409788,33.4139679,,,
,1056,6896147943,,,0,,,,-111.9404614,33.4136244,,,
,1057,6896147944,,,0,,,,-111.9409797,33.4144104,,,
,1058,6896147949,,,0,,,,-111.9404455,33.4147712,,,
,1059,6896147952,,,0,,,,-111.9399706,33.4151936,,,
,1060,6896147953,,,0,,,,-111.9404548,33.4148975,,,
,1061,6896147954,,,0,,,,-111.9401456,33.4148922,,,
,1062,6901845344,,,0,,,,-111.9288704,33.4193999,,,
,1063,6901845346,,,0,,,,-111.9283278,33.4194035,,,
,1064,6901845347,,,0,,,,-111.9281444,33.4194062,,,
,1065,7045930617,,,0,,,,-111.9406137,33.4250737,,,
,1066,7059040785,,,0,,,,-111.9298286,33.4146655,,,
,1067,7069576314,,,0,,,,-111.9399143,33.422407,,,
,1068,7069576315,,,0,,,,-111.939396,33.4224166,,,
,1069,7071845839,,,0,,,,-111.9358561,33.4243639,,,
,1070,7071845841,,,0,,,,-111.9358491,33.4245601,,,
,1071,7111645864,,,0,,,,-111.9231271,33.4203242,,,
,1072,7111645865,,,0,,,,-111.9232379,33.4198073,,,
,1073,7121895053,,,0,,,,-111.9353948,33.4243414,,,
,1074,7121895055,,,0,,,,-111.9353869,33.4246539,,,
,1075,7121900769,,,0,,,,-111.9381521,33.4225867,,,
,1076,7121900772,,,0,,,,-111.9393987,33.4225828,,,
,1077,7121903005,,,0,,,,-111.9399917,33.4284947,,,
,1078,7121903007,,,0,,,,-111.9397825,33.4284947,,,
,1079,7121918885,,,0,,,,-111.9366697,33.4248479,,,
,1080,7121918887,,,0,,,,-111.9371894,33.424849,,,
,1081,7121918955,,,0,,,,-111.9262941,33.4142863,,,
,1082,7121920571,,,0,,,,-111.9263986,33.4213363,,,
,1083,7121930882,,,0,,,,-111.9352405,33.4160982,,,
,1084,7121949806,,,0,,,,-111.9288642,33.419208,,,
,1085,7121949808,,,0,,,,-111.9292587,33.4192113,,,
,1086,7121950852,,,0,,,,-111.9271412,33.416699,,,
,1087,7121950855,,,0,,,,-111.9272772,33.4170944,,,
,1088,7121950856,,,0,,,,-111.927408,33.4170925,,,
,1089,7121950859,,,0,,,,-111.9272923,33.4166614,,,
,1090,7121959001,,,0,,,,-111.9342398,33.4160939,,,
,1091,7121959003,,,0,,,,-111.934241,33.4159313,,,
,1092,7121961126,,,0,,,,-111.9381172,33.4196844,,,
,1093,7121961128,,,0,,,,-111.9376479,33.4196821,,,
,1094,7121962558,,,0,,,,-111.9271532,33.4161257,,,
,1095,7121965330,,,0,,,,-111.9273686,33.4217154,,,
,1096,7122000830,,,0,,,,-111.9288764,33.4195156,,,
,1097,7122000832,,,0,,,,-111.9291663,33.419513,,,
,1098,7122005131,,,0,,,,-111.9271277,33.4215614,,,
,1099,7125038250,,,0,,,,-111.9412594,33.4264482,,,
,1100,7144655990,,,0,,,,-111.9277475,33.4136687,,,
,1101,7259640252,,,0,,,,-111.9334837,33.4254787,,,
,1102,7259640261,,,0,,,,-111.9339938,33.4252848,,,
,1103,7264975968,,,0,,,,-111.9411873,33.4204889,,,
,1104,7265020285,,,0,,,,-111.9412797,33.4204834,,,
,1105,7265020286,,,0,,,,-111.9411875,33.4204825,,,
,1106,7265020287,,,0,,,,-111.9412313,33.4204449,,,
,1107,7265020288,,,0,,,,-111.94123,33.4205223,,,
,1108,7265020294,,,0,,,,-111.9412399,33.4211998,,,
,1109,7287344364,,,0,,,,-111.9349492,33.4143062,,,
,1110,7335621649,,,0,,,,-111.9323806,33.425264,,,
,1111,7542469457,,,0,,,,-111.928278,33.4255429,,,
,1112,7542469458,,,0,,,,-111.9282527,33.4248556,,,
,1113,7590725936,,,0,,,,-111.9412432,33.4213251,,,
,1114,7806677381,,,0,,,,-111.9229318,33.4134134,,,
,1115,7809692858,,,0,,,,-111.9417698,33.4219298,,,
,1116,7809692863,,,0,,,,-111.9412418,33.4212879,,,
,1117,7809699025,,,0,,,,-111.9352219,33.4212355,,,
,1118,7911556631,,,0,,,,-111.9238939,33.4181685,,,
,1119,7936838411,,,0,,,,-111.9250242,33.4191807,,,
,1120,7998670443,,,0,,,,-111.9321368,33.4173666,,,
,1121,7998670445,,,0,,,,-111.9321368,33.4176055,,,
,1122,7998670448,,,0,,,,-111.9321429,33.4179484,,,
,1123,8122988904,,,0,,,,-111.9263941,33.4233419,,,
,1124,8122988905,,,0,,,,-111.9275107,33.4233377,,,
,1125,8166219569,,,0,,,,-111.9243772,33.4205887,,,
,1126,8166219571,,,0,,,,-111.924524,33.4202397,,,
,1127,8251204409,,,0,,,,-111.92436,33.414599,,,
,1128,8251204410,,,0,,,,-111.9243626,33.4147168,,,
,1129,8269005062,,,0,,,,-111.9301867,33.4219599,,,
,1130,8269005064,traffic_signals,,1,,,,-111.9307627,33.421952,21,,
,1131,8269005068,,,0,,,,-111.9332111,33.42192,,,
,1132,8269005069,,,0,,,,-111.9339932,33.4219122,,,
,1133,8269005072,traffic_signals,,1,,,,-111.9349485,33.421897,25,,
,1134,8340719373,,,0,,,,-111.9289562,33.4206884,,,
,1135,8340719381,,,0,,,,-111.9289604,33.4208451,,,
,1136,,,,0,,,,-111.9421,33.4190503,,,boundary node created by osm2gmns
,1137,,,,0,,,,-111.9421,33.4136161,,,boundary node created by osm2gmns
,1138,,,,0,,,,-111.9228,33.4202548,,,boundary node created by osm2gmns
,1139,,,,0,,,,-111.9421,33.416192,,,boundary node created by osm2gmns
,1140,,,,0,,,,-111.9421,33.4176182,,,boundary node created by osm2gmns
,1141,,,,0,,,,-111.9402396,33.4307,,,boundary node created by osm2gmns
,1142,,,,0,,,,-111.9262882,33.4307,,,boundary node created by osm2gmns
,1143,,,,0,,,,-111.9228,33.4147174,,,boundary node created by osm2gmns
,1144,,,,0,,,,-111.9305866,33.4132,,,boundary node created by osm2gmns
,1145,,,,0,,,,-111.9228,33.4169975,,,boundary node created by osm2gmns
,1146,,,,0,,,,-111.9228,33.4171881,,,boundary node created by osm2gmns
,1147,,,,0,,,,-111.9228,33.4167626,,,boundary node created by osm2gmns
,1148,,,,0,,,,-111.9306793,33.4132,,,boundary node created by osm2gmns
,1149,,,,0,,,,-111.9421,33.4212239,,,boundary node created by osm2gmns
,1150,,,,0,,,,-111.9421,33.4295419,,,boundary node created by osm2gmns
,1151,,,,0,,,,-111.9315695,33.4307,,,boundary node created by osm2gmns
,1152,,,,0,,,,-111.9421,33.4147325,,,boundary node created by osm2gmns
,1153,,,,0,,,,-111.9421,33.4294103,,,boundary node created by osm2gmns
,1154,,,,0,,,,-111.9421,33.4295349,,,boundary node created by osm2gmns
,1155,,,,0,,,,-111.9349772,33.4307,,,boundary node created by osm2gmns
,1156,,,,0,,,,-111.9375894,33.4307,,,boundary node created by osm2gmns
,1157,,,,0,,,,-111.9228,33.4195423,,,boundary node created by osm2gmns
,1158,,,,0,,,,-111.9228,33.418655,,,boundary node created by osm2gmns
,1159,,,,0,,,,-111.9228,33.4197885,,,boundary node created by osm2gmns
,1160,,,,0,,,,-111.9228,33.4179977,,,boundary node created by osm2gmns
,1161,,,,0,,,,-111.9421,33.4273732,,,boundary node created by osm2gmns
,1162,,,,0,,,,-111.9228,33.4138361,,,boundary node created by osm2gmns
,1163,,,,0,,,,-111.9228,33.4301846,,,boundary node created by osm2gmns
,1164,,,,0,,,,-111.9421,33.425486,,,boundary node created by osm2gmns
,1165,,,,0,,,,-111.9228,33.4220255,,,boundary node created by osm2gmns
,1166,,,,0,,,,-111.9421,33.4219293,,,boundary node created by osm2gmns
,1167,,,,0,,,,-111.9228,33.4292567,,,boundary node created by osm2gmns
,1168,,,,0,,,,-111.9262981,33.4132,,,boundary node created by osm2gmns
,1169,,,,0,,,,-111.9228,33.4293627,,,boundary node created by osm2gmns
,1170,,,,0,,,,-111.9398855,33.4132,,,boundary node created by osm2gmns
,1171,,,,0,,,,-111.9421,33.4244629,,,boundary node created by osm2gmns
,1172,,,,0,,,,-111.9228,33.4238437,,,boundary node created by osm2gmns
,1173,,,,0,,,,-111.9228,33.424052,,,boundary node created by osm2gmns
,1174,,,,0,,,,-111.9228,33.4245537,,,boundary node created by osm2gmns
,1175,,,,0,,,,-111.9228,33.4265984,,,boundary node created by osm2gmns
,1176,,,,0,,,,-111.9228,33.4249916,,,boundary node created by osm2gmns
,1177,,,,0,,,,-111.9228,33.4257643,,,boundary node created by osm2gmns
,1178,,,,0,,,,-111.9228,33.4282044,,,boundary node created by osm2gmns
,1179,,,,0,,,,-111.9228,33.4284622,,,boundary node created by osm2gmns
,1180,,,,0,,,,-111.9228,33.4236498,,,boundary node created by osm2gmns
,1181,,,,0,,,,-111.9228,33.4227245,,,boundary node created by osm2gmns
,1182,,,,0,,,,-111.9239679,33.4132,,,boundary node created by osm2gmns
,1183,,,,0,,,,-111.9251677,33.4132,,,boundary node created by osm2gmns
,1184,,,,0,,,,-111.9253437,33.4132,,,boundary node created by osm2gmns
,1185,,,,0,,,,-111.9260655,33.4132,,,boundary node created by osm2gmns
,1186,,,,0,,,,-111.9238598,33.4132,,,boundary node created by osm2gmns
,1187,,,,0,,,,-111.9285546,33.4132,,,boundary node created by osm2gmns
,1188,,,,0,,,,-111.9228,33.4154008,,,boundary node created by osm2gmns
,1189,,,,0,,,,-111.9228,33.4158212,,,boundary node created by osm2gmns
,1190,,,,0,,,,-111.9349345,33.4132,,,boundary node created by osm2gmns
,1191,,,,0,,,,-111.9412949,33.4132,,,boundary node created by osm2gmns
,1192,,,,0,,,,-111.9418052,33.4132,,,boundary node created by osm2gmns
,1193,,,,0,,,,-111.9414608,33.4132,,,boundary node created by osm2gmns
,1194,,,,0,,,,-111.9421,33.4132402,,,boundary node created by osm2gmns
,1195,,,,0,,,,-111.9228,33.4178855,,,boundary node created by osm2gmns
,1196,,,,0,,,,-111.9228,33.4148205,,,boundary node created by osm2gmns
,1197,,,,0,,,,-111.9399976,33.4307,,,boundary node created by osm2gmns
,1198,,,,0,,,,-111.9268277,33.4132,,,boundary node created by osm2gmns
,1199,,,,0,,,,-111.9265294,33.4132,,,boundary node created by osm2gmns
,1200,,,,0,,,,-111.929827,33.4132,,,boundary node created by osm2gmns
,1201,,,,0,,,,-111.9402195,33.4132,,,boundary node created by osm2gmns
,1202,,,,0,,,,-111.9421,33.4133987,,,boundary node created by osm2gmns
,1203,,,,0,,,,-111.9421,33.4204732,,,boundary node created by osm2gmns
,1204,,,,0,,,,-111.9421,33.4225415,,,boundary node created by osm2gmns
,1205,,,,0,,,,-111.9228649,33.4132,,,boundary node created by osm2gmns
,1206,,,,0,,,,-111.9412124,33.4307,,,boundary node created by osm2gmns
,1207,,,,0,,,,-111.9280358432747,33.42506280934404,,0,
,1208,,,,0,,,,-111.92874655888845,33.42550819460066,,1,
,1209,,,,0,,,,-111.93249383609115,33.42483615926083,,2,
,1210,,,,0,,,,-111.93100348743317,33.42451077967427,,3,
,1211,,,,0,,,,-111.93758658539163,33.426190860215364,,4,
,1212,,,,0,,,,-111.93310860456837,33.42402752456969,,5,
,1213,,,,0,,,,-111.93384456844394,33.41654799600259,,6,
,1214,,,,0,,,,-111.93449661176915,33.41656417567456,,7,
,1215,,,,0,,,,-111.9355249879962,33.41649295171043,,8,
,1216,,,,0,,,,-111.93627881257864,33.416960091359954,,9,
,1217,,,,0,,,,-111.93563636802311,33.41721034768429,,10,
,1218,,,,0,,,,-111.93549744853658,33.41762575029788,,11,
,1219,,,,0,,,,-111.93616876467587,33.41794461461026,,12,
,1220,,,,0,,,,-111.93782559863745,33.41792530126661,,13,
,1221,,,,0,,,,-111.93725625071208,33.41888297256338,,14,
,1222,,,,0,,,,-111.93904147519216,33.41804776551981,,15,
,1223,,,,0,,,,-111.93841612638491,33.41868554965327,,16,
,1224,,,,0,,,,-111.93939990000001,33.4194169,,17,
,1225,,,,0,,,,-111.93778322200372,33.420202451166574,,18,
,1226,,,,0,,,,-111.93733597532216,33.419372446036405,,19,
,1227,,,,0,,,,-111.93712069394915,33.419861175246645,,20,
,1228,,,,0,,,,-111.9369018917017,33.420325030635844,,21,
,1229,,,,0,,,,-111.93731960000001,33.42050895,,22,
,1230,,,,0,,,,-111.93782013626318,33.4209310566375,,23,
,1231,,,,0,,,,-111.93751688772755,33.42158481029963,,24,
,1232,,,,0,,,,-111.93782481883513,33.42163300173983,,25,
,1233,,,,0,,,,-111.9370509,33.42154725000001,,26,
,1234,,,,0,,,,-111.93704869999999,33.42101945,,27,
,1235,,,,0,,,,-111.93616952615623,33.41427578900286,,28,
,1236,,,,0,,,,-111.93436093823689,33.41768349885134,,29,
,1237,,,,0,,,,-111.93457873049864,33.419023212434986,,30,
,1238,,,,0,,,,-111.93528416068692,33.41886245559178,,31,
,1239,,,,0,,,,-111.93531345,33.41852355,,32,
,1240,,,,0,,,,-111.93598761583178,33.41852749885645,,33,
,1241,,,,0,,,,-111.93586709496807,33.41911558119676,,34,
,1242,,,,0,,,,-111.93627259953841,33.41911670973946,,35,
,1243,,,,0,,,,-111.93613696245217,33.420119061047735,,36,
,1244,,,,0,,,,-111.93549029709838,33.419951610857304,,37,
,1245,,,,0,,,,-111.93638605833141,33.42054253243025,,38,
,1246,,,,0,,,,-111.93626918072827,33.42100399026641,,39,
,1247,,,,0,,,,-111.93444435,33.422282499999994,,40,
,1248,,,,0,,,,-111.93060648905471,33.419037061389574,,41,
,1249,,,,0,,,,-111.93145239633077,33.418925134186935,,42,
,1250,,,,0,,,,-111.93139433931826,33.417879613555286,,43,
,1251,,,,0,,,,-111.92956194737448,33.42064251238559,,44,
,1252,,,,0,,,,-111.92959537208144,33.42103853071611,,45,
,1253,,,,0,,,,-111.93307555470834,33.41784825796991,,46,
,1254,,,,0,,,,-111.93239095,33.4178427,,47,
,1255,,,,0,,,,-111.93186010019149,33.41779867596485,,48,
,1256,,,,0,,,,-111.93078015,33.417838599999996,,49,
,1257,,,,0,,,,-111.92972232077,33.417088483411234,,50,
,1258,,,,0,,,,-111.9294615461955,33.417807543927246,,51,
,1259,,,,0,,,,-111.92722853443586,33.41766904379876,,52,
,1260,,,,0,,,,-111.93457196312441,33.42093010843197,,53,
,1261,,,,0,,,,-111.93356205,33.41909335,,54,
,1262,,,,0,,,,-111.93381939518311,33.41952266516335,,55,
,1263,,,,0,,,,-111.93375019999999,33.420015,,56,
,1264,,,,0,,,,-111.93210036928589,33.42007454726523,,57,
,1265,,,,0,,,,-111.93136892917057,33.41976093998081,,58,
,1266,,,,0,,,,-111.93212614141564,33.41862782178136,,59,
,1267,,,,0,,,,-111.93237165,33.4187934,,60,
,1268,,,,0,,,,-111.93223649646274,33.41896159674588,,61,
,1269,,,,0,,,,-111.93219575,33.419130100000004,,62,
,1270,,,,0,,,,-111.93223865,33.41930920000001,,63,
,1271,,,,0,,,,-111.93219575,33.4194919,,64,
,1272,,,,0,,,,-111.93223865,33.419663799999995,,65,
,1273,,,,0,,,,-111.92955827026654,33.41987398902991,,66,
,1274,,,,0,,,,-111.93550145678182,33.42060001037134,,67,
,1275,,,,0,,,,-111.92841218894941,33.41744601772986,,68,
,1276,,,,0,,,,-111.92827659941148,33.42071837501794,,69,
,1277,,,,0,,,,-111.9372490296901,33.415452251712075,,70,
,1278,,,,0,,,,-111.93888471721584,33.416909567630064,,71,
,1279,,,,0,,,,-111.9353223,33.421512400000005,,72,
,1280,,,,0,,,,-111.93554212020271,33.4210602522133,,73,
,1281,,,,0,,,,-111.9361904666191,33.4215083705127,,74,
,1282,,,,0,,,,-111.93635091817175,33.42170447798722,,75,
,1283,,,,0,,,,-111.93396227364158,33.42056558997257,,76,
,1284,,,,0,,,,-111.9335481216568,33.42096524448375,,77,
,1285,,,,0,,,,-111.93306553124725,33.42136341378616,,78,
,1286,,,,0,,,,-111.93304526607156,33.42053379309821,,79,
,1287,,,,0,,,,-111.93140604999998,33.42099199999999,,80,
,1288,,,,0,,,,-111.93152615409079,33.42137257284586,,81,
,1289,,,,0,,,,-111.93134509234251,33.42166134986698,,82,
,1290,,,,0,,,,-111.93213781723688,33.42165032247542,,83,
,1291,,,,0,,,,-111.93221747276434,33.42135452847119,,84,
,1292,,,,0,,,,-111.93221395089887,33.4210641337076,,85,
,1293,,,,0,,,,-111.93214442511974,33.42083664040479,,86,
,1294,,,,0,,,,-111.9323711608495,33.42059157358435,,87,
,1295,,,,0,,,,-111.93196922679844,33.42062789364216,,88,
,1296,,,,0,,,,-111.93098132519809,33.42069744947161,,89,
,1297,,,,0,,,,-111.9304716195624,33.420784362998035,,90,
,1298,,,,0,,,,-111.9294109,33.42132775,,91,
,1299,,,,0,,,,-111.92958939530733,33.42160686736444,,92,
,1300,,,,0,,,,-111.92840658049298,33.4215266734153,,93,
,1301,,,,0,,,,-111.9283354240648,33.419027968564706,,94,
,1302,,,,0,,,,-111.9343277921881,33.42303810730353,,95,
,1303,,,,0,,,,-111.9347612736665,33.42286204438047,,96,
,1304,,,,0,,,,-111.93801357519904,33.416259857868965,,97,
,1305,,,,0,,,,-111.93254181202842,33.41555798440811,,98,
,1306,,,,0,,,,-111.93576107664974,33.41512627577982,,99,
,1307,,,,0,,,,-111.9361294,33.4154285,,100,
,1308,,,,0,,,,-111.9361375,33.415913700000004,,101,
,1309,,,,0,,,,-111.93610975000001,33.4156697,,102,
,1310,,,,0,,,,-111.9358475,33.415670049999996,,103,
,1311,,,,0,,,,-111.93524765000001,33.415684049999996,,104,
,1312,,,,0,,,,-111.93001575406906,33.41503650602961,,105,
,1313,,,,0,,,,-111.93007503559684,33.41539887910552,,106,
,1314,,,,0,,,,-111.92943844655197,33.41513342402097,,107,
,1315,,,,0,,,,-111.92942532385383,33.41548994222619,,108,
,1316,,,,0,,,,-111.92961760000003,33.41579715,,109,
,1317,,,,0,,,,-111.93611977855478,33.42472881989341,,110,
,1318,,,,0,,,,-111.93135022934086,33.42243515325618,,111,
,1319,,,,0,,,,-111.93058813937228,33.42284185769197,,112,
,1320,,,,0,,,,-111.93474547297045,33.423862208872876,,113,
,1321,,,,0,,,,-111.93418516838302,33.42380958250362,,114,
,1322,,,,0,,,,-111.92767305000002,33.424811399999996,,115,
,1323,,,,0,,,,-111.92761300000002,33.42523755,,116,
,1324,,,,0,,,,-111.92818380000001,33.428489750000004,,117,
,1325,,,,0,,,,-111.92793008194536,33.427696376672166,,118,
,1326,,,,0,,,,-111.93234968919441,33.4282513219724,,119,
,1327,,,,0,,,,-111.93016710432283,33.425446205578936,,120,
,1328,,,,0,,,,-111.92378065,33.424291999999994,,121,
,1329,,,,0,,,,-111.92502400000001,33.424997600000005,,122,
,1330,,,,0,,,,-111.92408104999997,33.42555635,,123,
,1331,,,,0,,,,-111.92351594574177,33.425346915333144,,124,
,1332,,,,0,,,,-111.9233172,33.426240449999995,,125,
,1333,,,,0,,,,-111.92369479999999,33.42653060000001,,126,
,1334,,,,0,,,,-111.9227979,33.426842199999996,,127,
,1335,,,,0,,,,-111.9242620866907,33.42349238404258,,128,
,1336,,,,0,,,,-111.92361490073269,33.4284177810152,,129,
,1337,,,,0,,,,-111.93565333026335,33.42743657245287,,130,
,1338,,,,0,,,,-111.93532126208598,33.427359622634185,,131,
,1339,,,,0,,,,-111.93402168160615,33.41548601649059,,132,
,1340,,,,0,,,,-111.93569840484722,33.41627613400486,,133,
,1341,,,,0,,,,-111.93335292082055,33.41437236752397,,134,
,1342,,,,0,,,,-111.93593264871905,33.42513725997644,,135,
,1343,,,,0,,,,-111.9365939129287,33.41556740184805,,136,
,1344,,,,0,,,,-111.93947119208042,33.423561356192394,,137,
,1345,,,,0,,,,-111.94145836154367,33.4230063894986,,138,
,1346,,,,0,,,,-111.94193337664962,33.42300192550462,,139,
,1347,,,,0,,,,-111.93069959519583,33.41996115881878,,140,
,1348,,,,0,,,,-111.93874719776453,33.42401699218601,,141,
,1349,,,,0,,,,-111.94174089905681,33.42229433070216,,142,
,1350,,,,0,,,,-111.93877401542615,33.416264901598986,,143,
,1351,,,,0,,,,-111.92476248743495,33.421328634769914,,144,
,1352,,,,0,,,,-111.93844539293019,33.4249337740652,,145,
,1353,,,,0,,,,-111.92839349997168,33.41802643100772,,146,
,1354,,,,0,,,,-111.92951632285246,33.418785865368115,,147,
,1355,,,,0,,,,-111.92956750915197,33.419366925746935,,148,
,1356,,,,0,,,,-111.93903481440057,33.41973508972454,,149,
,1357,,,,0,,,,-111.9419180454044,33.42398763751968,,150,
,1358,,,,0,,,,-111.93836094560987,33.42352237470183,,151,
,1359,,,,0,,,,-111.93856432654036,33.423576094041834,,152,
,1360,,,,0,,,,-111.93891770256458,33.423476606866345,,153,
,1361,,,,0,,,,-111.94030031945374,33.42522464206331,,154,
,1362,,,,0,,,,-111.9418549103121,33.4289586731595,,155,
,1363,,,,0,,,,-111.93965372544464,33.422607983197196,,156,
,1364,,,,0,,,,-111.93963975708078,33.42220829963623,,157,
,1365,,,,0,,,,-111.93904968146133,33.42248093526265,,158,
,1366,,,,0,,,,-111.93897669595601,33.4222044308813,,159,
,1367,,,,0,,,,-111.9364445,33.422526700000006,,160,
,1368,,,,0,,,,-111.93623937514573,33.42238856255182,,161,
,1369,,,,0,,,,-111.93525662507578,33.42285228452475,,162,
,1370,,,,0,,,,-111.9361322087137,33.42271408022154,,163,
,1371,,,,0,,,,-111.93008637617363,33.42246306358353,,164,
,1372,,,,0,,,,-111.92815193179489,33.416259580098476,,165,
,1373,,,,0,,,,-111.92865578184471,33.41513107296007,,166,
,1374,,,,0,,,,-111.92841755502239,33.41548089137003,,167,
,1375,,,,0,,,,-111.92766339040048,33.4151139066782,,168,
,1376,,,,0,,,,-111.92699003002586,33.41525915261809,,169,
,1377,,,,0,,,,-111.93023249326649,33.414251782040935,,170,
,1378,,,,0,,,,-111.92948457023758,33.414241874352854,,171,
,1379,,,,0,,,,-111.93023629897947,33.413650130743854,,172,
,1380,,,,0,,,,-111.92958737753237,33.413639581742466,,173,
,1381,,,,0,,,,-111.92888855235572,33.41424975109358,,174,
,1382,,,,0,,,,-111.92883755202077,33.41375881660439,,175,
,1383,,,,0,,,,-111.93008358319214,33.41302849801553,,176,
,1384,,,,0,,,,-111.92911937373219,33.41310141210679,,177,
,1385,,,,0,,,,-111.92836864784897,33.4141590783307,,178,
,1386,,,,0,,,,-111.9277491293814,33.41451244240498,,179,
,1387,,,,0,,,,-111.92756348567859,33.41409553830512,,180,
,1388,,,,0,,,,-111.92794228357475,33.41382032031083,,181,
,1389,,,,0,,,,-111.92833962626327,33.41335084314189,,182,
,1390,,,,0,,,,-111.92795775637242,33.41324579757018,,183,
,1391,,,,0,,,,-111.92760709148807,33.413177238288135,,184,
,1392,,,,0,,,,-111.92716253185696,33.41314722647534,,185,
,1393,,,,0,,,,-111.92764463954732,33.41351395910538,,186,
,1394,,,,0,,,,-111.92666221225228,33.414457448515044,,187,
,1395,,,,0,,,,-111.92678281609344,33.414254319345034,,188,
,1396,,,,0,,,,-111.9271779,33.4144613,,189,
,1397,,,,0,,,,-111.923692386134,33.4224501322694,,190,
,1398,,,,0,,,,-111.92438890960415,33.42242183105314,,191,
,1399,,,,0,,,,-111.92522584733483,33.42238160022136,,192,
,1400,,,,0,,,,-111.92586104457648,33.42274101598039,,193,
,1401,,,,0,,,,-111.92584210000001,33.42316225,,194,
,1402,,,,0,,,,-111.92584979494781,33.42358046811401,,195,
,1403,,,,0,,,,-111.92344683336127,33.424802479954856,,196,
,1404,,,,0,,,,-111.93958792495272,33.42405919466315,,197,
,1405,,,,0,,,,-111.93954728703274,33.42466143740126,,198,
,1406,,,,0,,,,-111.93963639208003,33.425204264875475,,199,
,1407,,,,0,,,,-111.94035026189111,33.424889710284354,,200,
,1408,,,,0,,,,-111.94089949496127,33.42514467708774,,201,
,1409,,,,0,,,,-111.94098018657486,33.42454722503213,,202,
,1410,,,,0,,,,-111.92669414999999,33.4139184,,203,
,1411,,,,0,,,,-111.94152515,33.430078800000004,,204,
,1412,,,,0,,,,-111.92576780840793,33.41761738814682,,205,
,1413,,,,0,,,,-111.92595705000001,33.417467,,206,
,1414,,,,0,,,,-111.92546901534286,33.41742396676034,,207,
,1415,,,,0,,,,-111.92485780020915,33.41758800341271,,208,
,1416,,,,0,,,,-111.92510638925779,33.41716326971559,,209,
,1417,,,,0,,,,-111.92453264256417,33.417152193324256,,210,
,1418,,,,0,,,,-111.92591218086812,33.421660385096885,,211,
,1419,,,,0,,,,-111.92583817383253,33.42135600880316,,212,
,1420,,,,0,,,,-111.92551097901105,33.42166840766332,,213,
,1421,,,,0,,,,-111.9252186,33.42165295,,214,
,1422,,,,0,,,,-111.92522604689971,33.42141518468693,,215,
,1423,,,,0,,,,-111.92433978867933,33.421681108265844,,216,
,1424,,,,0,,,,-111.92423457878225,33.421232235023844,,217,
,1425,,,,0,,,,-111.92496695000001,33.4194331,,218,
,1426,,,,0,,,,-111.92325573838497,33.41889388277133,,219,
,1427,,,,0,,,,-111.9225810393382,33.4193681017292,,220,
,1428,,,,0,,,,-111.92298632373732,33.419158173873754,,221,
,1429,,,,0,,,,-111.92272675602915,33.41927602860028,,222,
,1430,,,,0,,,,-111.9226000288308,33.41899401606358,,223,
,1431,,,,0,,,,-111.92329990918954,33.4184474496469,,224,
,1432,,,,0,,,,-111.9237472385641,33.42015833864183,,225,
,1433,,,,0,,,,-111.93964477254018,33.42575914692494,,226,
,1434,,,,0,,,,-111.92662518343218,33.41563174632215,,227,
,1435,,,,0,,,,-111.92664036319114,33.41634263996445,,228,
,1436,,,,0,,,,-111.92699323979619,33.41626725675707,,229,
,1437,,,,0,,,,-111.93706214334749,33.42404040294766,,230,
,1438,,,,0,,,,-111.93314897034656,33.41682015655091,,231,
,1439,,,,0,,,,-111.92722086090646,33.41936155826629,,232,
,1440,,,,0,,,,-111.93683120978484,33.414273975285,,233,
,1441,,,,0,,,,-111.93540272119833,33.41431868525351,,234,
,1442,,,,0,,,,-111.93007417491603,33.41779373994098,,235,
,1443,,,,0,,,,-111.93402293489531,33.41528487166738,,236,
,1444,,,,0,,,,-111.93403226706987,33.4157806808104,,237,
,1445,,,,0,,,,-111.92754401113993,33.41744417486011,,238,
,1446,,,,0,,,,-111.92691017670026,33.417672152044474,,239,
,1447,,,,0,,,,-111.93399964593108,33.42094866992326,,240,
,1448,,,,0,,,,-111.92970483774128,33.42471484090676,,241,
,1449,,,,0,,,,-111.93465552460529,33.41838039840996,,242,
,1450,,,,0,,,,-111.93507713823303,33.41811027525491,,243,
,1451,,,,0,,,,-111.92876177521337,33.42815905545122,,244,
,1452,,,,0,,,,-111.92980641283098,33.42815367478082,,245,
,1453,,,,0,,,,-111.92979424999999,33.427494499999995,,246,
,1454,,,,0,,,,-111.92875267517175,33.4274982054553,,247,
,1455,,,,0,,,,-111.94086937268612,33.42166716314975,,248,
,1456,,,,0,,,,-111.93177811803331,33.429773051157646,,249,
,1457,,,,0,,,,-111.94110280256312,33.41259571907607,,250,
,1458,,,,0,,,,-111.93021128689675,33.42153470240331,,251,
,1459,,,,0,,,,-111.94035487473937,33.42155813996261,,252,
,1460,,,,0,,,,-111.94168946827811,33.42805713211949,,253,
,1461,,,,0,,,,-111.94041380000002,33.42804875,,254,
,1462,,,,0,,,,-111.93847088708873,33.43060110432084,,255,
,1463,,,,0,,,,-111.9395158617929,33.43026799960842,,256,
,1464,,,,0,,,,-111.94142216666668,33.4236071,,257,
,1465,,,,0,,,,-111.94090095692313,33.42385544914964,,258,
,1466,,,,0,,,,-111.94047180019628,33.42344067255376,,259,
,1467,,,,0,,,,-111.94028195962866,33.42382327389784,,260,
,1468,,,,0,,,,-111.94057597795812,33.42414328240312,,261,
,1469,,,,0,,,,-111.94089278111223,33.42244326487203,,262,
,1470,,,,0,,,,-111.9403860028596,33.42273406936071,,263,
,1471,,,,0,,,,-111.93896895377459,33.42022540660363,,264,
,1472,,,,0,,,,-111.93574815920813,33.42155512195088,,265,
,1473,,,,0,,,,-111.92585575325243,33.41712826370374,,266,
,1474,,,,0,,,,-111.92590245838622,33.41629325712704,,267,
,1475,,,,0,,,,-111.92590670698453,33.416651775079266,,268,
,1476,,,,0,,,,-111.92592113755546,33.41578038288852,,269,
,1477,,,,0,,,,-111.92573569387072,33.415708507070626,,270,
,1478,,,,0,,,,-111.92579698196714,33.416070740492295,,271,
,1479,,,,0,,,,-111.92524825414813,33.41993654580861,,272,
,1480,,,,0,,,,-111.92572381617815,33.41917684200222,,273,
,1481,,,,0,,,,-111.92531359596387,33.41742281355198,,274,
,1482,,,,0,,,,-111.92496781860814,33.41746639239097,,275,
,1483,,,,0,,,,-111.93889996056421,33.417442567882965,,276,
,1484,,,,0,,,,-111.93902241334743,33.41940180764665,,277,
,1485,,,,0,,,,-111.92507930586007,33.42313792682234,,278,
,1486,,,,0,,,,-111.92446455215912,33.42397920953468,,279,
,1487,,,,0,,,,-111.92591137918902,33.42564868264332,,280,
,1488,,,,0,,,,-111.92285952532991,33.424298790913646,,281,
,1489,,,,0,,,,-111.92410222948284,33.42629459061593,,282,
,1490,,,,0,,,,-111.92286943689277,33.42663140815354,,283,
,1491,,,,0,,,,-111.9243375698702,33.42274756996058,,284,
,1492,,,,0,,,,-111.92352977740076,33.42333684839578,,285,
,1493,,,,0,,,,-111.93291691880893,33.41920185985059,,286,
,1494,,,,0,,,,-111.93963637507,33.41868246007183,,287,
,1495,,,,0,,,,-111.93946972521206,33.418396052624686,,288,
,1496,,,,0,,,,-111.9331233587483,33.420942053200434,,289,
,1497,,,,0,,,,-111.93338575277613,33.421429280321355,,290,
,1498,,,,0,,,,-111.92967300000002,33.424508,,291,
,1499,,,,0,,,,-111.92972717475523,33.424336047792295,,292,
,1500,,,,0,,,,-111.92972565000001,33.424880550000005,,293,
,1501,,,,0,,,,-111.92969964999998,33.425032,,294,
,1502,,,,0,,,,-111.92963958019556,33.42519442481971,,295,
,1503,,,,0,,,,-111.92959467493647,33.425373246956596,,296,
,1504,,,,0,,,,-111.92948946384301,33.42234918387506,,297,
,1505,,,,0,,,,-111.935583682042,33.42351554494621,,298,
,1506,,,,0,,,,-111.93687557681992,33.42351954913661,,299,
,1507,,,,0,,,,-111.93783259834824,33.42398348097234,,300,
,1508,,,,0,,,,-111.93765478503822,33.42360013867896,,301,
,1509,,,,0,,,,-111.93735100130107,33.42350940149568,,302,
,1510,,,,0,,,,-111.93645064984531,33.42352289021025,,303,
,1511,,,,0,,,,-111.93732617875267,33.4250752229451,,304,
,1512,,,,0,,,,-111.93704880000001,33.42466790000001,,305,
,1513,,,,0,,,,-111.93598340682449,33.42403454040671,,306,
,1514,,,,0,,,,-111.93522750021368,33.42396388317145,,307,
,1515,,,,0,,,,-111.93845491569591,33.4228304190641,,308,
,1516,,,,0,,,,-111.93532055273023,33.4247365375159,,309,
,1517,,,,0,,,,-111.9352797,33.425159650000005,,310,
,1518,,,,0,,,,-111.93949594945408,33.42784394349894,,311,
,1519,,,,0,,,,-111.93915584709782,33.42691343580681,,312,
,1520,,,,0,,,,-111.93969875173642,33.42616027684499,,313,
,1521,,,,0,,,,-111.93962756106339,33.42900183957961,,314,
,1522,,,,0,,,,-111.93926367928847,33.42889077444613,,315,
,1523,,,,0,,,,-111.94044320050311,33.42912115168836,,316,
,1524,,,,0,,,,-111.94038075293162,33.42600199777564,,317,
,1525,,,,0,,,,-111.94095372649011,33.42581894514601,,318,
,1526,,,,0,,,,-111.94090489314831,33.42678994674498,,319,
,1527,,,,0,,,,-111.94106568056546,33.42711884769829,,320,
,1528,,,,0,,,,-111.940921934982,33.428878588674415,,321,
,1529,,,,0,,,,-111.924688353161,33.419895214953186,,322,
,1530,,,,0,,,,-111.92480595362633,33.42931435081786,,323,
,1531,,,,0,,,,-111.93426201725883,33.43077899325358,,324,
,1532,,,,0,,,,-111.93318475884182,33.42988499291382,,325,
,1533,,,,0,,,,-111.93211067093003,33.43054064814484,,326,
,1534,,,,0,,,,-111.93019372875979,33.429699989071075,,327,
,1535,,,,0,,,,-111.93240175751117,33.422374651781354,,328,
,1536,,,,0,,,,-111.93319701010954,33.4227466114404,,329,
,1537,,,,0,,,,-111.93319289051895,33.42236934608757,,330,
,1538,,,,0,,,,-111.93089096880043,33.422526864405526,,331,
,1539,,,,0,,,,-111.93059562446868,33.42260054921793,,332,
,1540,,,,0,,,,-111.93605560000002,33.42057455,,333,
,1541,,,,0,,,,-111.93799191542614,33.41561680159898,,334,
,1542,,,,0,,,,-111.93958147421755,33.41778369504657,,335,
,1543,,,,0,,,,-111.93263492483575,33.42066017688909,,336,
,1544,,,,0,,,,-111.93471905322482,33.41678104662033,,337,
,1545,,,,0,,,,-111.93407473701795,33.417127748980505,,338,
,1546,,,,0,,,,-111.93379920288456,33.41710368698892,,339,
,1547,,,,0,,,,-111.93387298771216,33.41688544847359,,340,
,1548,,,,0,,,,-111.933238515225,33.417272971407094,,341,
,1549,,,,0,,,,-111.93285651360956,33.41617869142407,,342,
,1550,,,,0,,,,-111.93123681120413,33.4154830045261,,343,
,1551,,,,0,,,,-111.93332373808927,33.41675924860939,,344,
,1552,,,,0,,,,-111.93358334208942,33.418021863662794,,345,
,1553,,,,0,,,,-111.93088589031127,33.42167501605503,,346,
,1554,,,,0,,,,-111.93199775,33.42121075,,347,
,1555,,,,0,,,,-111.93204321396003,33.421229311327934,,348,
,1556,,,,0,,,,-111.9280682633267,33.4293778102972,,349,
,1557,,,,0,,,,-111.93715850000001,33.418618599999995,,350,
,1558,,,,0,,,,-111.93180294414597,33.421544187815165,,351,
,1559,,,,0,,,,-111.93179670839189,33.42178342482802,,352,
,1560,,,,0,,,,-111.93252600643616,33.42147419115575,,353,
,1561,,,,0,,,,-111.93916706638473,33.42520551693215,,354,
,1562,,,,0,,,,-111.93375097992605,33.41867761767479,,355,
,1563,,,,0,,,,-111.93318200660897,33.418642535531944,,356,
,1564,,,,0,,,,-111.9419254743478,33.43054158620687,,357,
,1565,,,,0,,,,-111.94196651512351,33.43040773042385,,358,
,1566,,,,0,,,,-111.92801079783055,33.42603264629295,,359,
,1567,,,,0,,,,-111.93591167543653,33.4222725174122,,360,
,1568,,,,0,,,,-111.93644519289077,33.42217067031444,,361,
,1569,,,,0,,,,-111.9413433821264,33.42670773167578,,362,
,1570,,,,0,,,,-111.93926548101247,33.42295688685839,,363,
,1571,,,,0,,,,-111.93890778245434,33.42287925914703,,364,
,1572,,,,0,,,,-111.92734855364985,33.41999007748772,,365,
,1573,,,,0,,,,-111.93669463509818,33.4259463619814,,366,
,1574,,,,0,,,,-111.93646240000002,33.42562950000001,,367,
,1575,,,,0,,,,-111.9362882248728,33.42562779715566,,368,
,1576,,,,0,,,,-111.93607377488114,33.42562879702133,,369,
,1577,,,,0,,,,-111.93587342484632,33.42562894711884,,370,
,1578,,,,0,,,,-111.93566599999998,33.425627799999994,,371,
,1579,,,,0,,,,-111.93634844999998,33.425701700000005,,372,
,1580,,,,0,,,,-111.93609000000002,33.42571405,,373,
,1581,,,,0,,,,-111.93586647762089,33.425720197375554,,374,
,1582,,,,0,,,,-111.93558673242488,33.42569074932172,,375,
,1583,,,,0,,,,-111.93560332184222,33.425891532610926,,376,
,1584,,,,0,,,,-111.9358560216522,33.4259113024217,,377,
,1585,,,,0,,,,-111.93609715000001,33.4259148,,378,
,1586,,,,0,,,,-111.93641004999999,33.4258879,,379,
,1587,,,,0,,,,-111.9318337337419,33.420462244624815,,380,
,1588,,,,0,,,,-111.94040888388558,33.41812656550161,,381,
,1589,,,,0,,,,-111.94027866200851,33.41849943115483,,382,
,1590,,,,0,,,,-111.94024767475616,33.418860094240976,,383,
,1591,,,,0,,,,-111.94021880000003,33.41870495,,384,
,1592,,,,0,,,,-111.94022277726488,33.41930492593986,,385,
,1593,,,,0,,,,-111.94025077043315,33.419388301318,,386,
,1594,,,,0,,,,-111.94046743595894,33.41932633338752,,387,
,1595,,,,0,,,,-111.9302122445295,33.41859608329005,,388,
,1596,,,,0,,,,-111.93334299834865,33.423351179952135,,389,
,1597,,,,0,,,,-111.93283115354805,33.423161377150265,,390,
,1598,,,,0,,,,-111.93235409080174,33.42297883228502,,391,
,1599,,,,0,,,,-111.92445489953613,33.4138789032689,,392,
,1600,,,,0,,,,-111.92564497349146,33.4133641499041,,393,
,1601,,,,0,,,,-111.9257032133647,33.413940675023454,,394,
,1602,,,,0,,,,-111.92326159999999,33.4142371,,395,
,1603,,,,0,,,,-111.92403015000001,33.41880085,,396,
,1604,,,,0,,,,-111.9284422,33.41697525000001,,397,
,1605,,,,0,,,,-111.9230338322588,33.42067019363619,,398,
,1606,,,,0,,,,-111.9229852427975,33.42163897431112,,399,
,1607,,,,0,,,,-111.92298270466861,33.42111726755286,,400,
,1608,,,,0,,,,-111.9232897,33.421665399999995,,401,
,1609,,,,0,,,,-111.923289251435,33.42139172476602,,402,
,1610,,,,0,,,,-111.92328869741294,33.421052775349395,,403,
,1611,,,,0,,,,-111.922974051867,33.41544527696668,,404,
,1612,,,,0,,,,-111.92452968215537,33.41621101444168,,405,
,1613,,,,0,,,,-111.92581846872176,33.41502570472063,,406,
,1614,,,,0,,,,-111.92596561600232,33.41536366247323,,407,
,1615,,,,0,,,,-111.92582102562893,33.41521502757352,,408,
,1616,,,,0,,,,-111.925579081644,33.41539026461689,,409,
,1617,,,,0,,,,-111.92430427163481,33.41534619531754,,410,
,1618,,,,0,,,,-111.92553318312511,33.41619376644575,,411,
,1619,,,,0,,,,-111.92559094897769,33.41635290360414,,412,
,1620,,,,0,,,,-111.92566632470003,33.41671345441088,,413,
,1621,,,,0,,,,-111.92551672529706,33.41667219700372,,414,
,1622,,,,0,,,,-111.9260173667636,33.41655346716487,,415,
,1623,,,,0,,,,-111.92539695353081,33.416692070105455,,416,
,1624,,,,0,,,,-111.92588950281758,33.41438819342078,,417,
,1625,,,,0,,,,-111.92505908032314,33.414476361762915,,418,
,1626,,,,0,,,,-111.92371615965772,33.414440400199595,,419,
,1627,,,,0,,,,-111.92482659421194,33.413410115972,,420,
,1628,,,,0,,,,-111.94091639920218,33.421406422743,,421,
,1629,,,,0,,,,-111.94159935179671,33.421441607882855,,422,
,1630,,,,0,,,,-111.94165920474475,33.42158699436917,,423,
,1631,,,,0,,,,-111.9403929888728,33.4211766801416,,424,
,1632,,,,0,,,,-111.93225020483628,33.42745867402424,,425,
,1633,,,,0,,,,-111.92914846054381,33.42084257492103,,426,
,1634,,,,0,,,,-111.93003641527618,33.42056898072769,,427,
,1635,,,,0,,,,-111.93062802721198,33.420392324879124,,428,
,1636,,,,0,,,,-111.93561807080519,33.431110109530096,,429,
,1637,,,,0,,,,-111.92996268495867,33.42912759870866,,430,
,1638,,,,0,,,,-111.93172882768522,33.41437854977555,,431,
,1639,,,,0,,,,-111.94047529999999,33.418869099999995,,432,
,1640,,,,0,,,,-111.94043522494638,33.41869914569312,,433,
,1641,,,,0,,,,-111.94030854531967,33.41834902778619,,434,
,1642,,,,0,,,,-111.94050128322134,33.41850596656084,,435,
,1643,,,,0,,,,-111.93863829630374,33.42631436102411,,436,
,1644,,,,0,,,,-111.93884059895618,33.42582437027587,,437,
,1645,,,,0,,,,-111.93612347228193,33.42581693631489,,438,
,1646,,,,0,,,,-111.93679031319395,33.42627898223834,,439,
,1647,,,,0,,,,-111.9391692536493,33.425354486232486,,440,
,1648,,,,0,,,,-111.9388396252564,33.42537580430769,,441,
,1649,,,,0,,,,-111.93989609506419,33.42716302490136,,442,
,1650,,,,0,,,,-111.9398638950642,33.42256732490135,,443,
,1651,,,,0,,,,-111.93986380493578,33.42253127509863,,444,
,1652,,,,0,,,,-111.94210109075969,33.42157737455342,,445,
,1653,,,,0,,,,-111.9402221618616,33.41381417479647,,446,
,1654,,,,0,,,,-111.92986300182537,33.423496340936595,,447,
,1655,,,,0,,,,-111.92937297598058,33.4237718391845,,448,
,1656,,,,0,,,,-111.93725457756527,33.418058230038326,,449,
,1657,,,,0,,,,-111.9360761,33.4196892,,450,
,1658,,,,0,,,,-111.9344911,33.4199302,,451,
,1659,,,,0,,,,-111.93314091224019,33.4198547056377,,452,
,1660,,,,0,,,,-111.93556380000001,33.4159284,,453,
,1661,,,,0,,,,-111.93556380000003,33.4154369,,454,
,1662,,,,0,,,,-111.9313393555828,33.42288083441887,,455,
,1663,,,,0,,,,-111.92801230336954,33.422843439004964,,456,
,1664,,,,0,,,,-111.93208737459832,33.42251040467669,,457,
,1665,,,,0,,,,-111.93354081295922,33.422498982859864,,458,
,1666,,,,0,,,,-111.92736591182695,33.415767988370796,,459,
,1667,,,,0,,,,-111.93552775008854,33.42227951838418,,460,
,1668,,,,0,,,,-111.92836704175114,33.419743847316845,,461,
,1669,,,,0,,,,-111.9325918520726,33.42650366384845,,462,
,1670,,,,0,,,,-111.93057206222855,33.42761457903878,,463,
,1671,,,,0,,,,-111.92284287576454,33.4162794612572,,464,
,1672,,,,0,,,,-111.9235546388371,33.41534266030707,,465,
,1673,,,,0,,,,-111.9235756334751,33.41628309230112,,466,
,1674,,,,0,,,,-111.92405801779465,33.41631716556397,,467,
,1675,,,,0,,,,-111.92507238324407,33.41627014235665,,468,
,1676,,,,0,,,,-111.92512245729108,33.41521556777551,,469,
,1677,,,,0,,,,-111.9256107975184,33.41657277154037,,470,
,1678,,,,0,,,,-111.92602755854362,33.41696943876959,,471,
,1679,,,,0,,,,-111.92387208315324,33.41741542310132,,472,
,1680,,,,0,,,,-111.9414890082502,33.4216522682871,,473,
,1681,,,,0,,,,-111.93885936062476,33.42643524697868,,474,
,1682,,,,0,,,,-111.94187829857393,33.424925311671466,,475,
