o_zone_id,o_zone_name,d_zone_id,d_zone_name,accessibility,geometry
1,A1,1,A1,0.0,"LINESTRING (-122.3347924 47.6645809,-122.3347924 47.6645809)"
1,A1,2,A2,0.8689275806084201,"LINESTRING (-122.3347924 47.6645809,-122.3257881 47.6647182)"
1,A1,3,A3,1.922695975801382,"LINESTRING (-122.3347924 47.6645809,-122.3148683 47.6648797)"
1,A1,4,A4,2.892642376329537,"LINESTRING (-122.3347924 47.6645809,-122.3048193 47.6651586)"
1,A1,5,A5,3.898084587514715,"LINESTRING (-122.3347924 47.6645809,-122.2943942 47.6647943)"
1,A1,6,B1,0.38683053853288096,"LINESTRING (-122.3347924 47.6645809,-122.3345209 47.6605811)"
1,A1,7,B2,0.9733996770760395,"LINESTRING (-122.3347924 47.6645809,-122.325519 47.6606093)"
1,A1,8,B3,1.9324472474654575,"LINESTRING (-122.3347924 47.6645809,-122.3151817 47.660517)"
1,A1,9,B4,2.929469347076217,"LINESTRING (-122.3347924 47.6645809,-122.3047029 47.6605345)"
1,A1,10,B5,3.998681257529971,"LINESTRING (-122.3347924 47.6645809,-122.2935066 47.6609936)"
1,A1,11,C1,0.8469481386815927,"LINESTRING (-122.3347924 47.6645809,-122.3350968 47.6558086)"
1,A1,12,C2,1.2319839096662932,"LINESTRING (-122.3347924 47.6645809,-122.3253243 47.6560149)"
1,A1,13,C3,2.0936269539540215,"LINESTRING (-122.3347924 47.6645809,-122.3148916 47.6559348)"
1,A1,14,C4,3.009150224201474,"LINESTRING (-122.3347924 47.6645809,-122.3048201 47.6559651)"
1,A1,15,C5,4.047706315453068,"LINESTRING (-122.3347924 47.6645809,-122.2934898 47.6572427)"
1,A1,16,D1,1.2781603301264242,"LINESTRING (-122.3347924 47.6645809,-122.3352917 47.6513437)"
1,A1,17,D2,1.6006945453863093,"LINESTRING (-122.3347924 47.6645809,-122.3246096 47.6514846)"
1,A1,18,D3,2.3736871199553526,"LINESTRING (-122.3347924 47.6645809,-122.3138341 47.6516996)"
1,A1,19,D4,3.1116362120436563,"LINESTRING (-122.3347924 47.6645809,-122.305244 47.6516642)"
1,A1,20,D5,3.7146501231558053,"LINESTRING (-122.3347924 47.6645809,-122.2989995 47.6504055)"
1,A1,21,E1,1.6583232244718074,"LINESTRING (-122.3347924 47.6645809,-122.3359803 47.6474355)"
1,A1,22,E2,1.9564165329714827,"LINESTRING (-122.3347924 47.6645809,-122.3228057 47.6482276)"
1,A1,23,E3,2.2846316982874604,"LINESTRING (-122.3347924 47.6645809,-122.3177506 47.6481432)"
1,A1,24,E4,3.3497196186259064,"LINESTRING (-122.3347924 47.6645809,-122.3040097 47.6485309)"
1,A1,25,E5,4.305280241858909,"LINESTRING (-122.3347924 47.6645809,-122.2938875 47.6467586)"
1,A1,26,Gate1,1.3792781617289749,"LINESTRING (-122.3347924 47.6645809,-122.3462375 47.6560168)"
1,A1,27,Gate2,1.9939440366045438,"LINESTRING (-122.3347924 47.6645809,-122.3148263 47.6699086)"
1,A1,28,Gate3,5.0258090931057176,"LINESTRING (-122.3347924 47.6645809,-122.283415 47.6560168)"
1,A1,29,Gate4,2.899384899507997,"LINESTRING (-122.3347924 47.6645809,-122.3148263 47.642125)"
2,A2,1,A1,0.8689275806084201,"LINESTRING (-122.3257881 47.6647182,-122.3347924 47.6645809)"
2,A2,2,A2,0.0,"LINESTRING (-122.3257881 47.6647182,-122.3257881 47.6647182)"
2,A2,3,A3,1.0537684469898638,"LINESTRING (-122.3257881 47.6647182,-122.3148683 47.6648797)"
2,A2,4,A4,2.023724816677233,"LINESTRING (-122.3257881 47.6647182,-122.3048193 47.6651586)"
2,A2,5,A5,3.029212598227699,"LINESTRING (-122.3257881 47.6647182,-122.2943942 47.6647943)"
2,A2,6,B1,0.9324039526614528,"LINESTRING (-122.3257881 47.6647182,-122.3345209 47.6605811)"
2,A2,7,B2,0.3973234445425519,"LINESTRING (-122.3257881 47.6647182,-122.325519 47.6606093)"
2,A2,8,B3,1.100780463973465,"LINESTRING (-122.3257881 47.6647182,-122.3151817 47.660517)"
2,A2,9,B4,2.074171396320108,"LINESTRING (-122.3257881 47.6647182,-122.3047029 47.6605345)"
2,A2,10,B5,3.1355100844327493,"LINESTRING (-122.3257881 47.6647182,-122.2935066 47.6609936)"
2,A2,11,C1,1.2433124417309576,"LINESTRING (-122.3257881 47.6647182,-122.3350968 47.6558086)"
2,A2,12,C2,0.8409750428478541,"LINESTRING (-122.3257881 47.6647182,-122.3253243 47.6560149)"
2,A2,13,C3,1.3504563185132736,"LINESTRING (-122.3257881 47.6647182,-122.3148916 47.6559348)"
2,A2,14,C4,2.192420327211145,"LINESTRING (-122.3257881 47.6647182,-122.3048201 47.6559651)"
2,A2,15,C5,3.19885477644789,"LINESTRING (-122.3257881 47.6647182,-122.2934898 47.6572427)"
2,A2,16,D1,1.5831279182447604,"LINESTRING (-122.3257881 47.6647182,-122.3352917 47.6513437)"
2,A2,17,D2,1.281968056536222,"LINESTRING (-122.3257881 47.6647182,-122.3246096 47.6514846)"
2,A2,18,D3,1.7053961972996756,"LINESTRING (-122.3257881 47.6647182,-122.3138341 47.6516996)"
2,A2,19,D4,2.348633847214237,"LINESTRING (-122.3257881 47.6647182,-122.305244 47.6516642)"
2,A2,20,D5,2.9306399982389006,"LINESTRING (-122.3257881 47.6647182,-122.2989995 47.6504055)"
2,A2,21,E1,1.9359994631564845,"LINESTRING (-122.3257881 47.6647182,-122.3359803 47.6474355)"
2,A2,22,E2,1.6169920772582156,"LINESTRING (-122.3257881 47.6647182,-122.3228057 47.6482276)"
2,A2,23,E3,1.7774387912076768,"LINESTRING (-122.3257881 47.6647182,-122.3177506 47.6481432)"
2,A2,24,E4,2.6182973230389437,"LINESTRING (-122.3257881 47.6647182,-122.3040097 47.6485309)"
2,A2,25,E5,3.532376681613479,"LINESTRING (-122.3257881 47.6647182,-122.2938875 47.6467586)"
2,A2,26,Gate1,2.144364141665469,"LINESTRING (-122.3257881 47.6647182,-122.3462375 47.6560168)"
2,A2,27,Gate2,1.1702853427738424,"LINESTRING (-122.3257881 47.6647182,-122.3148263 47.6699086)"
2,A2,28,Gate3,4.1738999139673165,"LINESTRING (-122.3257881 47.6647182,-122.283415 47.6560168)"
2,A2,29,Gate4,2.4230663650026987,"LINESTRING (-122.3257881 47.6647182,-122.3148263 47.642125)"
3,A3,1,A1,1.922695975801382,"LINESTRING (-122.3148683 47.6648797,-122.3347924 47.6645809)"
3,A3,2,A2,1.0537684469898638,"LINESTRING (-122.3148683 47.6648797,-122.3257881 47.6647182)"
3,A3,3,A3,0.0,"LINESTRING (-122.3148683 47.6648797,-122.3148683 47.6648797)"
3,A3,4,A4,0.9699987378075383,"LINESTRING (-122.3148683 47.6648797,-122.3048193 47.6651586)"
3,A3,5,A5,1.9755676852689275,"LINESTRING (-122.3148683 47.6648797,-122.2943942 47.6647943)"
3,A3,6,B1,1.941112562395597,"LINESTRING (-122.3148683 47.6648797,-122.3345209 47.6605811)"
3,A3,7,B2,1.1072201536980997,"LINESTRING (-122.3148683 47.6648797,-122.325519 47.6606093)"
3,A3,8,B3,0.4220466605345122,"LINESTRING (-122.3148683 47.6648797,-122.3151817 47.660517)"
3,A3,9,B4,1.0667065479249849,"LINESTRING (-122.3148683 47.6648797,-122.3047029 47.6605345)"
3,A3,10,B5,2.0950222493060693,"LINESTRING (-122.3148683 47.6648797,-122.2935066 47.6609936)"
3,A3,11,C1,2.1391159896556244,"LINESTRING (-122.3148683 47.6648797,-122.3350968 47.6558086)"
3,A3,12,C2,1.3226951436469814,"LINESTRING (-122.3148683 47.6648797,-122.3253243 47.6560149)"
3,A3,13,C3,0.8631021430164486,"LINESTRING (-122.3148683 47.6648797,-122.3148916 47.6559348)"
3,A3,14,C4,1.2961245073155472,"LINESTRING (-122.3148683 47.6648797,-122.3048201 47.6559651)"
3,A3,15,C5,2.190485240650832,"LINESTRING (-122.3148683 47.6648797,-122.2934898 47.6572427)"
3,A3,16,D1,2.3641780547312954,"LINESTRING (-122.3148683 47.6648797,-122.3352917 47.6513437)"
3,A3,17,D2,1.598134872490848,"LINESTRING (-122.3148683 47.6648797,-122.3246096 47.6514846)"
3,A3,18,D3,1.2756569667211883,"LINESTRING (-122.3148683 47.6648797,-122.3138341 47.6516996)"
3,A3,19,D4,1.577480546695007,"LINESTRING (-122.3148683 47.6648797,-122.305244 47.6516642)"
3,A3,20,D5,2.0724564158607284,"LINESTRING (-122.3148683 47.6648797,-122.2989995 47.6504055)"
3,A3,21,E1,2.642520336388162,"LINESTRING (-122.3148683 47.6648797,-122.3359803 47.6474355)"
3,A3,22,E2,1.7799598861167505,"LINESTRING (-122.3148683 47.6648797,-122.3228057 47.6482276)"
3,A3,23,E3,1.6386778682575862,"LINESTRING (-122.3148683 47.6648797,-122.3177506 47.6481432)"
3,A3,24,E4,1.8937488600253276,"LINESTRING (-122.3148683 47.6648797,-122.3040097 47.6485309)"
3,A3,25,E5,2.6750021635757624,"LINESTRING (-122.3148683 47.6648797,-122.2938875 47.6467586)"
3,A3,26,Gate1,3.145305208398376,"LINESTRING (-122.3148683 47.6648797,-122.3462375 47.6560168)"
3,A3,27,Gate2,0.4852499789901332,"LINESTRING (-122.3148683 47.6648797,-122.3148263 47.6699086)"
3,A3,28,Gate3,3.153115513052914,"LINESTRING (-122.3148683 47.6648797,-122.283415 47.6560168)"
3,A3,29,Gate4,2.19560813429161,"LINESTRING (-122.3148683 47.6648797,-122.3148263 47.642125)"
4,A4,1,A1,2.892642376329537,"LINESTRING (-122.3048193 47.6651586,-122.3347924 47.6645809)"
4,A4,2,A2,2.023724816677233,"LINESTRING (-122.3048193 47.6651586,-122.3257881 47.6647182)"
4,A4,3,A3,0.9699987378075383,"LINESTRING (-122.3048193 47.6651586,-122.3148683 47.6648797)"
4,A4,4,A4,0.0,"LINESTRING (-122.3048193 47.6651586,-122.3048193 47.6651586)"
4,A4,5,A5,1.0065388589765867,"LINESTRING (-122.3048193 47.6651586,-122.2943942 47.6647943)"
4,A4,6,B1,2.8997408298470777,"LINESTRING (-122.3048193 47.6651586,-122.3345209 47.6605811)"
4,A4,7,B2,2.044982801465276,"LINESTRING (-122.3048193 47.6651586,-122.325519 47.6606093)"
4,A4,8,B3,1.0955847951215434,"LINESTRING (-122.3048193 47.6651586,-122.3151817 47.660517)"
4,A4,9,B4,0.44631429101448855,"LINESTRING (-122.3048193 47.6651586,-122.3047029 47.6605345)"
4,A4,10,B5,1.1631956221771977,"LINESTRING (-122.3048193 47.6651586,-122.2935066 47.6609936)"
4,A4,11,C1,3.0576029728050664,"LINESTRING (-122.3048193 47.6651586,-122.3350968 47.6558086)"
4,A4,12,C2,2.1663218578895194,"LINESTRING (-122.3048193 47.6651586,-122.3253243 47.6560149)"
4,A4,13,C3,1.3178202702539388,"LINESTRING (-122.3048193 47.6651586,-122.3148916 47.6559348)"
4,A4,14,C4,0.8870813444245578,"LINESTRING (-122.3048193 47.6651586,-122.3048201 47.6559651)"
4,A4,15,C5,1.3335887067718846,"LINESTRING (-122.3048193 47.6651586,-122.2934898 47.6572427)"
4,A4,16,D1,3.2283284493401116,"LINESTRING (-122.3048193 47.6651586,-122.3352917 47.6513437)"
4,A4,17,D2,2.3210471545340576,"LINESTRING (-122.3048193 47.6651586,-122.3246096 47.6514846)"
4,A4,18,D3,1.5630479164956825,"LINESTRING (-122.3048193 47.6651586,-122.3138341 47.6516996)"
4,A4,19,D4,1.3027181749385994,"LINESTRING (-122.3048193 47.6651586,-122.305244 47.6516642)"
4,A4,20,D5,1.530286123876949,"LINESTRING (-122.3048193 47.6651586,-122.2989995 47.6504055)"
4,A4,21,E1,3.4590214062205633,"LINESTRING (-122.3048193 47.6651586,-122.3359803 47.6474355)"
4,A4,22,E2,2.3834535124422045,"LINESTRING (-122.3048193 47.6651586,-122.3228057 47.6482276)"
4,A4,23,E3,2.0621341558560884,"LINESTRING (-122.3048193 47.6651586,-122.3177506 47.6481432)"
4,A4,24,E4,1.606305139944032,"LINESTRING (-122.3048193 47.6651586,-122.3040097 47.6485309)"
4,A4,25,E5,2.065121287973529,"LINESTRING (-122.3048193 47.6651586,-122.2938875 47.6467586)"
4,A4,26,Gate1,4.0926288400708275,"LINESTRING (-122.3048193 47.6651586,-122.3462375 47.6560168)"
4,A4,27,Gate2,1.0688249084792247,"LINESTRING (-122.3048193 47.6651586,-122.3148263 47.6699086)"
4,A4,28,Gate3,2.245787510097906,"LINESTRING (-122.3048193 47.6651586,-122.283415 47.6560168)"
4,A4,29,Gate4,2.423193349064988,"LINESTRING (-122.3048193 47.6651586,-122.3148263 47.642125)"
5,A5,1,A1,3.898084587514715,"LINESTRING (-122.2943942 47.6647943,-122.3347924 47.6645809)"
5,A5,2,A2,3.029212598227699,"LINESTRING (-122.2943942 47.6647943,-122.3257881 47.6647182)"
5,A5,3,A3,1.9755676852689275,"LINESTRING (-122.2943942 47.6647943,-122.3148683 47.6648797)"
5,A5,4,A4,1.0065388589765867,"LINESTRING (-122.2943942 47.6647943,-122.3048193 47.6651586)"
5,A5,5,A5,0.0,"LINESTRING (-122.2943942 47.6647943,-122.2943942 47.6647943)"
5,A5,6,B1,3.8931142324257855,"LINESTRING (-122.2943942 47.6647943,-122.3345209 47.6605811)"
5,A5,7,B2,3.03026644984929,"LINESTRING (-122.2943942 47.6647943,-122.325519 47.6606093)"
5,A5,8,B3,2.0478064698305265,"LINESTRING (-122.2943942 47.6647943,-122.3151817 47.660517)"
5,A5,9,B4,1.0762708592482346,"LINESTRING (-122.2943942 47.6647943,-122.3047029 47.6605345)"
5,A5,10,B5,0.3765965046306329,"LINESTRING (-122.2943942 47.6647943,-122.2935066 47.6609936)"
5,A5,11,C1,4.021964692063551,"LINESTRING (-122.2943942 47.6647943,-122.3350968 47.6558086)"
5,A5,12,C2,3.1023438732077095,"LINESTRING (-122.2943942 47.6647943,-122.3253243 47.6560149)"
5,A5,13,C3,2.154639944601816,"LINESTRING (-122.2943942 47.6647943,-122.3148916 47.6559348)"
5,A5,14,C4,1.3182628049260823,"LINESTRING (-122.2943942 47.6647943,-122.3048201 47.6559651)"
5,A5,15,C5,0.7338606322260092,"LINESTRING (-122.2943942 47.6647943,-122.2934898 47.6572427)"
5,A5,16,D1,4.154144218236527,"LINESTRING (-122.2943942 47.6647943,-122.3352917 47.6513437)"
5,A5,17,D2,3.185810097038277,"LINESTRING (-122.2943942 47.6647943,-122.3246096 47.6514846)"
5,A5,18,D3,2.261621184572112,"LINESTRING (-122.2943942 47.6647943,-122.3138341 47.6516996)"
5,A5,19,D4,1.643502038592282,"LINESTRING (-122.2943942 47.6647943,-122.305244 47.6516642)"
5,A5,20,D5,1.4577563440886934,"LINESTRING (-122.2943942 47.6647943,-122.2989995 47.6504055)"
5,A5,21,E1,4.348196105570676,"LINESTRING (-122.2943942 47.6647943,-122.3359803 47.6474355)"
5,A5,22,E2,3.1734375852742334,"LINESTRING (-122.2943942 47.6647943,-122.3228057 47.6482276)"
5,A5,23,E3,2.7677372728982936,"LINESTRING (-122.2943942 47.6647943,-122.3177506 47.6481432)"
5,A5,24,E4,1.823012297395846,"LINESTRING (-122.2943942 47.6647943,-122.3040097 47.6485309)"
5,A5,25,E5,1.740951254857777,"LINESTRING (-122.2943942 47.6647943,-122.2938875 47.6467586)"
5,A5,26,Gate1,5.073554617031069,"LINESTRING (-122.2943942 47.6647943,-122.3462375 47.6560168)"
5,A5,27,Gate2,2.0323152699294247,"LINESTRING (-122.2943942 47.6647943,-122.3148263 47.6699086)"
5,A5,28,Gate3,1.3563150038483691,"LINESTRING (-122.2943942 47.6647943,-122.283415 47.6560168)"
5,A5,29,Gate4,2.944710820118522,"LINESTRING (-122.2943942 47.6647943,-122.3148263 47.642125)"
6,B1,1,A1,0.38683053853288096,"LINESTRING (-122.3345209 47.6605811,-122.3347924 47.6645809)"
6,B1,2,A2,0.9324039526614528,"LINESTRING (-122.3345209 47.6605811,-122.3257881 47.6647182)"
6,B1,3,A3,1.941112562395597,"LINESTRING (-122.3345209 47.6605811,-122.3148683 47.6648797)"
6,B1,4,A4,2.8997408298470777,"LINESTRING (-122.3345209 47.6605811,-122.3048193 47.6651586)"
6,B1,5,A5,3.8931142324257855,"LINESTRING (-122.3345209 47.6605811,-122.2943942 47.6647943)"
6,B1,6,B1,0.0,"LINESTRING (-122.3345209 47.6605811,-122.3345209 47.6605811)"
6,B1,7,B2,0.8685943328646037,"LINESTRING (-122.3345209 47.6605811,-122.325519 47.6606093)"
6,B1,8,B3,1.8660548238091959,"LINESTRING (-122.3345209 47.6605811,-122.3151817 47.660517)"
6,B1,9,B4,2.877138363312176,"LINESTRING (-122.3345209 47.6605811,-122.3047029 47.6605345)"
6,B1,10,B5,3.9576718413185903,"LINESTRING (-122.3345209 47.6605811,-122.2935066 47.6609936)"
6,B1,11,C1,0.46383715959318317,"LINESTRING (-122.3345209 47.6605811,-122.3350968 47.6558086)"
6,B1,12,C2,0.9907398402357672,"LINESTRING (-122.3345209 47.6605811,-122.3253243 47.6560149)"
6,B1,13,C3,1.946365077943238,"LINESTRING (-122.3345209 47.6605811,-122.3148916 47.6559348)"
6,B1,14,C4,2.900238170345916,"LINESTRING (-122.3345209 47.6605811,-122.3048201 47.6559651)"
6,B1,15,C5,3.972177256832006,"LINESTRING (-122.3345209 47.6605811,-122.2934898 47.6572427)"
6,B1,16,D1,0.8944074784789187,"LINESTRING (-122.3345209 47.6605811,-122.3352917 47.6513437)"
6,B1,17,D2,1.2980661352155793,"LINESTRING (-122.3345209 47.6605811,-122.3246096 47.6514846)"
6,B1,18,D3,2.172251641666491,"LINESTRING (-122.3345209 47.6605811,-122.3138341 47.6516996)"
6,B1,19,D4,2.9530481943943188,"LINESTRING (-122.3345209 47.6605811,-122.305244 47.6516642)"
6,B1,20,D5,3.5653216590795602,"LINESTRING (-122.3345209 47.6605811,-122.2989995 47.6504055)"
6,B1,21,E1,1.2762080591878038,"LINESTRING (-122.3345209 47.6605811,-122.3359803 47.6474355)"
6,B1,22,E2,1.642748269369565,"LINESTRING (-122.3345209 47.6605811,-122.3228057 47.6482276)"
6,B1,23,E3,2.0146348981391142,"LINESTRING (-122.3345209 47.6605811,-122.3177506 47.6481432)"
6,B1,24,E4,3.1653167344031647,"LINESTRING (-122.3345209 47.6605811,-122.3040097 47.6485309)"
6,B1,25,E5,4.141360627030616,"LINESTRING (-122.3345209 47.6605811,-122.2938875 47.6467586)"
6,B1,26,Gate1,1.2132873533085005,"LINESTRING (-122.3345209 47.6605811,-122.3462375 47.6560168)"
6,B1,27,Gate2,2.1026892834865376,"LINESTRING (-122.3345209 47.6605811,-122.3148263 47.6699086)"
6,B1,28,Gate3,4.950836391834649,"LINESTRING (-122.3345209 47.6605811,-122.283415 47.6560168)"
6,B1,29,Gate4,2.6043473820446583,"LINESTRING (-122.3345209 47.6605811,-122.3148263 47.642125)"
7,B2,1,A1,0.9733996770760395,"LINESTRING (-122.325519 47.6606093,-122.3347924 47.6645809)"
7,B2,2,A2,0.3973234445425519,"LINESTRING (-122.325519 47.6606093,-122.3257881 47.6647182)"
7,B2,3,A3,1.1072201536980997,"LINESTRING (-122.325519 47.6606093,-122.3148683 47.6648797)"
7,B2,4,A4,2.044982801465276,"LINESTRING (-122.325519 47.6606093,-122.3048193 47.6651586)"
7,B2,5,A5,3.03026644984929,"LINESTRING (-122.325519 47.6606093,-122.2943942 47.6647943)"
7,B2,6,B1,0.8685943328646037,"LINESTRING (-122.325519 47.6606093,-122.3345209 47.6605811)"
7,B2,7,B2,0.0,"LINESTRING (-122.325519 47.6606093,-122.325519 47.6606093)"
7,B2,8,B3,0.9974942684139433,"LINESTRING (-122.325519 47.6606093,-122.3151817 47.660517)"
7,B2,9,B4,2.008557740797814,"LINESTRING (-122.325519 47.6606093,-122.3047029 47.6605345)"
7,B2,10,B5,3.0891041807063147,"LINESTRING (-122.325519 47.6606093,-122.2935066 47.6609936)"
7,B2,11,C1,1.0337505946276189,"LINESTRING (-122.325519 47.6606093,-122.3350968 47.6558086)"
7,B2,12,C2,0.44370716567558194,"LINESTRING (-122.325519 47.6606093,-122.3253243 47.6560149)"
7,B2,13,C3,1.1202519775567323,"LINESTRING (-122.325519 47.6606093,-122.3148916 47.6559348)"
7,B2,14,C4,2.046898474347365,"LINESTRING (-122.325519 47.6606093,-122.3048201 47.6559651)"
7,B2,15,C5,3.1075297881454578,"LINESTRING (-122.325519 47.6606093,-122.2934898 47.6572427)"
7,B2,16,D1,1.2994122123507146,"LINESTRING (-122.325519 47.6606093,-122.3352917 47.6513437)"
7,B2,17,D2,0.8848025791479712,"LINESTRING (-122.325519 47.6606093,-122.3246096 47.6514846)"
7,B2,18,D3,1.4178407396314219,"LINESTRING (-122.325519 47.6606093,-122.3138341 47.6516996)"
7,B2,19,D4,2.13827595463871,"LINESTRING (-122.325519 47.6606093,-122.305244 47.6516642)"
7,B2,20,D5,2.7417512290198003,"LINESTRING (-122.325519 47.6606093,-122.2989995 47.6504055)"
7,B2,21,E1,1.6231751168136126,"LINESTRING (-122.325519 47.6606093,-122.3359803 47.6474355)"
7,B2,22,E2,1.223054824025718,"LINESTRING (-122.325519 47.6606093,-122.3228057 47.6482276)"
7,B2,23,E3,1.4172872123397358,"LINESTRING (-122.325519 47.6606093,-122.3177506 47.6481432)"
7,B2,24,E4,2.380274523497813,"LINESTRING (-122.325519 47.6606093,-122.3040097 47.6485309)"
7,B2,25,E5,3.331905161522581,"LINESTRING (-122.325519 47.6606093,-122.2938875 47.6467586)"
7,B2,26,Gate1,2.047647694417843,"LINESTRING (-122.325519 47.6606093,-122.3462375 47.6560168)"
7,B2,27,Gate2,1.3673442825466582,"LINESTRING (-122.325519 47.6606093,-122.3148263 47.6699086)"
7,B2,28,Gate3,4.086714607538888,"LINESTRING (-122.325519 47.6606093,-122.283415 47.6560168)"
7,B2,29,Gate4,2.0604725928182344,"LINESTRING (-122.325519 47.6606093,-122.3148263 47.642125)"
8,B3,1,A1,1.9324472474654575,"LINESTRING (-122.3151817 47.660517,-122.3347924 47.6645809)"
8,B3,2,A2,1.100780463973465,"LINESTRING (-122.3151817 47.660517,-122.3257881 47.6647182)"
8,B3,3,A3,0.4220466605345122,"LINESTRING (-122.3151817 47.660517,-122.3148683 47.6648797)"
8,B3,4,A4,1.0955847951215434,"LINESTRING (-122.3151817 47.660517,-122.3048193 47.6651586)"
8,B3,5,A5,2.0478064698305265,"LINESTRING (-122.3151817 47.660517,-122.2943942 47.6647943)"
8,B3,6,B1,1.8660548238091959,"LINESTRING (-122.3151817 47.660517,-122.3345209 47.6605811)"
8,B3,7,B2,0.9974942684139433,"LINESTRING (-122.3151817 47.660517,-122.325519 47.6606093)"
8,B3,8,B3,0.0,"LINESTRING (-122.3151817 47.660517,-122.3151817 47.660517)"
8,B3,9,B4,1.0110917006810154,"LINESTRING (-122.3151817 47.660517,-122.3047029 47.6605345)"
8,B3,10,B5,2.0919326385100594,"LINESTRING (-122.3151817 47.660517,-122.2935066 47.6609936)"
8,B3,11,C1,1.9745876225849723,"LINESTRING (-122.3151817 47.660517,-122.3350968 47.6558086)"
8,B3,12,C2,1.0707401596821349,"LINESTRING (-122.3151817 47.660517,-122.3253243 47.6560149)"
8,B3,13,C3,0.4430216802986762,"LINESTRING (-122.3151817 47.660517,-122.3148916 47.6559348)"
8,B3,14,C4,1.0920107000107833,"LINESTRING (-122.3151817 47.660517,-122.3048201 47.6559651)"
8,B3,15,C5,2.1167604195080267,"LINESTRING (-122.3151817 47.660517,-122.2934898 47.6572427)"
8,B3,16,D1,2.1327605264892373,"LINESTRING (-122.3151817 47.660517,-122.3352917 47.6513437)"
8,B3,17,D2,1.2598155411733336,"LINESTRING (-122.3151817 47.660517,-122.3246096 47.6514846)"
8,B3,18,D3,0.8606638476584324,"LINESTRING (-122.3151817 47.660517,-122.3138341 47.6516996)"
8,B3,19,D4,1.28418373071717,"LINESTRING (-122.3151817 47.660517,-122.305244 47.6516642)"
8,B3,20,D5,1.841178824526305,"LINESTRING (-122.3151817 47.660517,-122.2989995 47.6504055)"
8,B3,21,E1,2.3708081305230024,"LINESTRING (-122.3151817 47.660517,-122.3359803 47.6474355)"
8,B3,22,E2,1.395455393625978,"LINESTRING (-122.3151817 47.660517,-122.3228057 47.6482276)"
8,B3,23,E3,1.21940277985961,"LINESTRING (-122.3151817 47.660517,-122.3177506 47.6481432)"
8,B3,24,E4,1.5810218902149757,"LINESTRING (-122.3151817 47.660517,-122.3040097 47.6485309)"
8,B3,25,E5,2.4462348557118228,"LINESTRING (-122.3151817 47.660517,-122.2938875 47.6467586)"
8,B3,26,Gate1,3.0278760589071942,"LINESTRING (-122.3151817 47.660517,-122.3462375 47.6560168)"
8,B3,27,Gate2,0.9068438957395637,"LINESTRING (-122.3151817 47.660517,-122.3148263 47.6699086)"
8,B3,28,Gate3,3.0957685343545065,"LINESTRING (-122.3151817 47.660517,-122.283415 47.6560168)"
8,B3,29,Gate4,1.7749734431836262,"LINESTRING (-122.3151817 47.660517,-122.3148263 47.642125)"
9,B4,1,A1,2.929469347076217,"LINESTRING (-122.3047029 47.6605345,-122.3347924 47.6645809)"
9,B4,2,A2,2.074171396320108,"LINESTRING (-122.3047029 47.6605345,-122.3257881 47.6647182)"
9,B4,3,A3,1.0667065479249849,"LINESTRING (-122.3047029 47.6605345,-122.3148683 47.6648797)"
9,B4,4,A4,0.44631429101448855,"LINESTRING (-122.3047029 47.6605345,-122.3048193 47.6651586)"
9,B4,5,A5,1.0762708592482346,"LINESTRING (-122.3047029 47.6605345,-122.2943942 47.6647943)"
9,B4,6,B1,2.877138363312176,"LINESTRING (-122.3047029 47.6605345,-122.3345209 47.6605811)"
9,B4,7,B2,2.008557740797814,"LINESTRING (-122.3047029 47.6605345,-122.325519 47.6606093)"
9,B4,8,B3,1.0110917006810154,"LINESTRING (-122.3047029 47.6605345,-122.3151817 47.660517)"
9,B4,9,B4,0.0,"LINESTRING (-122.3047029 47.6605345,-122.3047029 47.6605345)"
9,B4,10,B5,1.08124445891396,"LINESTRING (-122.3047029 47.6605345,-122.2935066 47.6609936)"
9,B4,11,C1,2.9679437310156156,"LINESTRING (-122.3047029 47.6605345,-122.3350968 47.6558086)"
9,B4,12,C2,2.036981306628425,"LINESTRING (-122.3047029 47.6605345,-122.3253243 47.6560149)"
9,B4,13,C3,1.0786486936357174,"LINESTRING (-122.3047029 47.6605345,-122.3148916 47.6559348)"
9,B4,14,C4,0.4410531591130072,"LINESTRING (-122.3047029 47.6605345,-122.3048201 47.6559651)"
9,B4,15,C5,1.1276196837602044,"LINESTRING (-122.3047029 47.6605345,-122.2934898 47.6572427)"
9,B4,16,D1,3.081857611419799,"LINESTRING (-122.3047029 47.6605345,-122.3352917 47.6513437)"
9,B4,17,D2,2.109971811391801,"LINESTRING (-122.3047029 47.6605345,-122.3246096 47.6514846)"
9,B4,18,D3,1.2259704762725998,"LINESTRING (-122.3047029 47.6605345,-122.3138341 47.6516996)"
9,B4,19,D4,0.8574912638336205,"LINESTRING (-122.3047029 47.6605345,-122.305244 47.6516642)"
9,B4,20,D5,1.1216422947640523,"LINESTRING (-122.3047029 47.6605345,-122.2989995 47.6504055)"
9,B4,21,E1,3.2719344307356617,"LINESTRING (-122.3047029 47.6605345,-122.3359803 47.6474355)"
9,B4,22,E2,2.1121624079305517,"LINESTRING (-122.3047029 47.6605345,-122.3228057 47.6482276)"
9,B4,23,E3,1.736247499757469,"LINESTRING (-122.3047029 47.6605345,-122.3177506 47.6481432)"
9,B4,24,E4,1.1601613644738715,"LINESTRING (-122.3047029 47.6605345,-122.3040097 47.6485309)"
9,B4,25,E5,1.6899550890102897,"LINESTRING (-122.3047029 47.6605345,-122.2938875 47.6467586)"
9,B4,26,Gate1,4.031306687294974,"LINESTRING (-122.3047029 47.6605345,-122.3462375 47.6560168)"
9,B4,27,Gate2,1.331261282239219,"LINESTRING (-122.3047029 47.6605345,-122.3148263 47.6699086)"
9,B4,28,Gate3,2.099820007167152,"LINESTRING (-122.3047029 47.6605345,-122.283415 47.6560168)"
9,B4,29,Gate4,2.0271905181276444,"LINESTRING (-122.3047029 47.6605345,-122.3148263 47.642125)"
10,B5,1,A1,3.998681257529971,"LINESTRING (-122.2935066 47.6609936,-122.3347924 47.6645809)"
10,B5,2,A2,3.1355100844327493,"LINESTRING (-122.2935066 47.6609936,-122.3257881 47.6647182)"
10,B5,3,A3,2.0950222493060693,"LINESTRING (-122.2935066 47.6609936,-122.3148683 47.6648797)"
10,B5,4,A4,1.1631956221771977,"LINESTRING (-122.2935066 47.6609936,-122.3048193 47.6651586)"
10,B5,5,A5,0.3765965046306329,"LINESTRING (-122.2935066 47.6609936,-122.2943942 47.6647943)"
10,B5,6,B1,3.9576718413185903,"LINESTRING (-122.2935066 47.6609936,-122.3345209 47.6605811)"
10,B5,7,B2,3.0891041807063147,"LINESTRING (-122.2935066 47.6609936,-122.325519 47.6606093)"
10,B5,8,B3,2.0919326385100594,"LINESTRING (-122.2935066 47.6609936,-122.3151817 47.660517)"
10,B5,9,B4,1.08124445891396,"LINESTRING (-122.2935066 47.6609936,-122.3047029 47.6605345)"
10,B5,10,B5,0.0,"LINESTRING (-122.2935066 47.6609936,-122.2935066 47.6609936)"
10,B5,11,C1,4.044105662203723,"LINESTRING (-122.2935066 47.6609936,-122.3350968 47.6558086)"
10,B5,12,C2,3.10744582744227,"LINESTRING (-122.2935066 47.6609936,-122.3253243 47.6560149)"
10,B5,13,C3,2.120391855738555,"LINESTRING (-122.2935066 47.6609936,-122.3148916 47.6559348)"
10,B5,14,C4,1.1946108345979092,"LINESTRING (-122.2935066 47.6609936,-122.3048201 47.6559651)"
10,B5,15,C5,0.3619280089087654,"LINESTRING (-122.2935066 47.6609936,-122.2934898 47.6572427)"
10,B5,16,D1,4.137963480799014,"LINESTRING (-122.2935066 47.6609936,-122.3352917 47.6513437)"
10,B5,17,D2,3.13825411661568,"LINESTRING (-122.2935066 47.6609936,-122.3246096 47.6514846)"
10,B5,18,D3,2.156690588334935,"LINESTRING (-122.2935066 47.6609936,-122.3138341 47.6516996)"
10,B5,19,D4,1.446721734096556,"LINESTRING (-122.2935066 47.6609936,-122.305244 47.6516642)"
10,B5,20,D5,1.1509446329603232,"LINESTRING (-122.2935066 47.6609936,-122.2989995 47.6504055)"
10,B5,21,E1,4.302025924036966,"LINESTRING (-122.2935066 47.6609936,-122.3359803 47.6474355)"
10,B5,22,E2,3.083771379900983,"LINESTRING (-122.2935066 47.6609936,-122.3228057 47.6482276)"
10,B5,23,E3,2.647600970816073,"LINESTRING (-122.2935066 47.6609936,-122.3177506 47.6481432)"
10,B5,24,E4,1.5726193584363743,"LINESTRING (-122.2935066 47.6609936,-122.3040097 47.6485309)"
10,B5,25,E5,1.3740269479084555,"LINESTRING (-122.2935066 47.6609936,-122.2938875 47.6467586)"
10,B5,26,Gate1,5.110616834387267,"LINESTRING (-122.2935066 47.6609936,-122.3462375 47.6560168)"
10,B5,27,Gate2,2.2297442376459693,"LINESTRING (-122.2935066 47.6609936,-122.3148263 47.6699086)"
10,B5,28,Gate3,1.085710102866939,"LINESTRING (-122.2935066 47.6609936,-122.283415 47.6560168)"
10,B5,29,Gate4,2.7470878797236606,"LINESTRING (-122.2935066 47.6609936,-122.3148263 47.642125)"
11,C1,1,A1,0.8469481386815927,"LINESTRING (-122.3350968 47.6558086,-122.3347924 47.6645809)"
11,C1,2,A2,1.2433124417309576,"LINESTRING (-122.3350968 47.6558086,-122.3257881 47.6647182)"
11,C1,3,A3,2.1391159896556244,"LINESTRING (-122.3350968 47.6558086,-122.3148683 47.6648797)"
11,C1,4,A4,3.0576029728050664,"LINESTRING (-122.3350968 47.6558086,-122.3048193 47.6651586)"
11,C1,5,A5,4.021964692063551,"LINESTRING (-122.3350968 47.6558086,-122.2943942 47.6647943)"
11,C1,6,B1,0.46383715959318317,"LINESTRING (-122.3350968 47.6558086,-122.3345209 47.6605811)"
11,C1,7,B2,1.0337505946276189,"LINESTRING (-122.3350968 47.6558086,-122.325519 47.6606093)"
11,C1,8,B3,1.9745876225849723,"LINESTRING (-122.3350968 47.6558086,-122.3151817 47.660517)"
11,C1,9,B4,2.9679437310156156,"LINESTRING (-122.3350968 47.6558086,-122.3047029 47.6605345)"
11,C1,10,B5,4.044105662203723,"LINESTRING (-122.3350968 47.6558086,-122.2935066 47.6609936)"
11,C1,11,C1,0.0,"LINESTRING (-122.3350968 47.6558086,-122.3350968 47.6558086)"
11,C1,12,C2,0.9431615247688325,"LINESTRING (-122.3350968 47.6558086,-122.3253243 47.6560149)"
11,C1,13,C3,1.9496352722070303,"LINESTRING (-122.3350968 47.6558086,-122.3148916 47.6559348)"
11,C1,14,C4,2.921440866781364,"LINESTRING (-122.3350968 47.6558086,-122.3048201 47.6559651)"
11,C1,15,C5,4.017047036116893,"LINESTRING (-122.3350968 47.6558086,-122.2934898 47.6572427)"
11,C1,16,D1,0.4312236058071353,"LINESTRING (-122.3350968 47.6558086,-122.3352917 47.6513437)"
11,C1,17,D2,1.0945466755430173,"LINESTRING (-122.3350968 47.6558086,-122.3246096 47.6514846)"
11,C1,18,D3,2.089592088878145,"LINESTRING (-122.3350968 47.6558086,-122.3138341 47.6516996)"
11,C1,19,D4,2.9081227499478093,"LINESTRING (-122.3350968 47.6558086,-122.305244 47.6516642)"
11,C1,20,D5,3.5218331578179143,"LINESTRING (-122.3350968 47.6558086,-122.2989995 47.6504055)"
11,C1,21,E1,0.8124039366458793,"LINESTRING (-122.3350968 47.6558086,-122.3359803 47.6474355)"
11,C1,22,E2,1.3934085815626915,"LINESTRING (-122.3350968 47.6558086,-122.3228057 47.6482276)"
11,C1,23,E3,1.829871097514051,"LINESTRING (-122.3350968 47.6558086,-122.3177506 47.6481432)"
11,C1,24,E4,3.0806990058196733,"LINESTRING (-122.3350968 47.6558086,-122.3040097 47.6485309)"
11,C1,25,E5,4.071042964863531,"LINESTRING (-122.3350968 47.6558086,-122.2938875 47.6467586)"
11,C1,26,Gate1,1.075153273831524,"LINESTRING (-122.3350968 47.6558086,-122.3462375 47.6560168)"
11,C1,27,Gate2,2.382550871061673,"LINESTRING (-122.3350968 47.6558086,-122.3148263 47.6699086)"
11,C1,28,Gate3,4.986817905796541,"LINESTRING (-122.3350968 47.6558086,-122.283415 47.6560168)"
11,C1,29,Gate4,2.359838779121589,"LINESTRING (-122.3350968 47.6558086,-122.3148263 47.642125)"
12,C2,1,A1,1.2319839096662932,"LINESTRING (-122.3253243 47.6560149,-122.3347924 47.6645809)"
12,C2,2,A2,0.8409750428478541,"LINESTRING (-122.3253243 47.6560149,-122.3257881 47.6647182)"
12,C2,3,A3,1.3226951436469814,"LINESTRING (-122.3253243 47.6560149,-122.3148683 47.6648797)"
12,C2,4,A4,2.1663218578895194,"LINESTRING (-122.3253243 47.6560149,-122.3048193 47.6651586)"
12,C2,5,A5,3.1023438732077095,"LINESTRING (-122.3253243 47.6560149,-122.2943942 47.6647943)"
12,C2,6,B1,0.9907398402357672,"LINESTRING (-122.3253243 47.6560149,-122.3345209 47.6605811)"
12,C2,7,B2,0.44370716567558194,"LINESTRING (-122.3253243 47.6560149,-122.325519 47.6606093)"
12,C2,8,B3,1.0707401596821349,"LINESTRING (-122.3253243 47.6560149,-122.3151817 47.660517)"
12,C2,9,B4,2.036981306628425,"LINESTRING (-122.3253243 47.6560149,-122.3047029 47.6605345)"
12,C2,10,B5,3.10744582744227,"LINESTRING (-122.3253243 47.6560149,-122.2935066 47.6609936)"
12,C2,11,C1,0.9431615247688325,"LINESTRING (-122.3253243 47.6560149,-122.3350968 47.6558086)"
12,C2,12,C2,0.0,"LINESTRING (-122.3253243 47.6560149,-122.3253243 47.6560149)"
12,C2,13,C3,1.0066756003642903,"LINESTRING (-122.3253243 47.6560149,-122.3148916 47.6559348)"
12,C2,14,C4,1.9784563431466489,"LINESTRING (-122.3253243 47.6560149,-122.3048201 47.6559651)"
12,C2,15,C5,3.07399522602872,"LINESTRING (-122.3253243 47.6560149,-122.2934898 47.6572427)"
12,C2,16,D1,1.0621324385107014,"LINESTRING (-122.3253243 47.6560149,-122.3352917 47.6513437)"
12,C2,17,D2,0.4425370541232967,"LINESTRING (-122.3253243 47.6560149,-122.3246096 47.6514846)"
12,C2,18,D3,1.1842942867365864,"LINESTRING (-122.3253243 47.6560149,-122.3138341 47.6516996)"
12,C2,19,D4,1.982502980709681,"LINESTRING (-122.3253243 47.6560149,-122.305244 47.6516642)"
12,C2,20,D5,2.597106911821149,"LINESTRING (-122.3253243 47.6560149,-122.2989995 47.6504055)"
12,C2,21,E1,1.3200378495827207,"LINESTRING (-122.3253243 47.6560149,-122.3359803 47.6474355)"
12,C2,22,E2,0.7897163787148876,"LINESTRING (-122.3253243 47.6560149,-122.3228057 47.6482276)"
12,C2,23,E3,1.0540108899665732,"LINESTRING (-122.3253243 47.6560149,-122.3177506 47.6481432)"
12,C2,24,E4,2.1797413883731958,"LINESTRING (-122.3253243 47.6560149,-122.3040097 47.6485309)"
12,C2,25,E5,3.1620922241670097,"LINESTRING (-122.3253243 47.6560149,-122.2938875 47.6467586)"
12,C2,26,Gate1,2.0179169552991505,"LINESTRING (-122.3253243 47.6560149,-122.3462375 47.6560168)"
12,C2,27,Gate2,1.6802619398709806,"LINESTRING (-122.3253243 47.6560149,-122.3148263 47.6699086)"
12,C2,28,Gate3,4.043826081653112,"LINESTRING (-122.3253243 47.6560149,-122.283415 47.6560168)"
12,C2,29,Gate4,1.679975702028013,"LINESTRING (-122.3253243 47.6560149,-122.3148263 47.642125)"
13,C3,1,A1,2.0936269539540215,"LINESTRING (-122.3148916 47.6559348,-122.3347924 47.6645809)"
13,C3,2,A2,1.3504563185132736,"LINESTRING (-122.3148916 47.6559348,-122.3257881 47.6647182)"
13,C3,3,A3,0.8631021430164486,"LINESTRING (-122.3148916 47.6559348,-122.3148683 47.6648797)"
13,C3,4,A4,1.3178202702539388,"LINESTRING (-122.3148916 47.6559348,-122.3048193 47.6651586)"
13,C3,5,A5,2.154639944601816,"LINESTRING (-122.3148916 47.6559348,-122.2943942 47.6647943)"
13,C3,6,B1,1.946365077943238,"LINESTRING (-122.3148916 47.6559348,-122.3345209 47.6605811)"
13,C3,7,B2,1.1202519775567323,"LINESTRING (-122.3148916 47.6559348,-122.325519 47.6606093)"
13,C3,8,B3,0.4430216802986762,"LINESTRING (-122.3148916 47.6559348,-122.3151817 47.660517)"
13,C3,9,B4,1.0786486936357174,"LINESTRING (-122.3148916 47.6559348,-122.3047029 47.6605345)"
13,C3,10,B5,2.120391855738555,"LINESTRING (-122.3148916 47.6559348,-122.2935066 47.6609936)"
13,C3,11,C1,1.9496352722070303,"LINESTRING (-122.3148916 47.6559348,-122.3350968 47.6558086)"
13,C3,12,C2,1.0066756003642903,"LINESTRING (-122.3148916 47.6559348,-122.3253243 47.6560149)"
13,C3,13,C3,0.0,"LINESTRING (-122.3148916 47.6559348,-122.3148916 47.6559348)"
13,C3,14,C4,0.9718089945574544,"LINESTRING (-122.3148916 47.6559348,-122.3048201 47.6559651)"
13,C3,15,C5,2.0689183208022563,"LINESTRING (-122.3148916 47.6559348,-122.2934898 47.6572427)"
13,C3,16,D1,2.0176333349325084,"LINESTRING (-122.3148916 47.6559348,-122.3352917 47.6513437)"
13,C3,17,D2,1.0313307054703302,"LINESTRING (-122.3148916 47.6559348,-122.3246096 47.6514846)"
13,C3,18,D3,0.4211953951016049,"LINESTRING (-122.3148916 47.6559348,-122.3138341 47.6516996)"
13,C3,19,D4,1.0180254461863751,"LINESTRING (-122.3148916 47.6559348,-122.305244 47.6516642)"
13,C3,20,D5,1.6235967400125875,"LINESTRING (-122.3148916 47.6559348,-122.2989995 47.6504055)"
13,C3,21,E1,2.1938921341028914,"LINESTRING (-122.3148916 47.6559348,-122.3359803 47.6474355)"
13,C3,22,E2,1.0659108797789205,"LINESTRING (-122.3148916 47.6559348,-122.3228057 47.6482276)"
13,C3,23,E3,0.8008202410612815,"LINESTRING (-122.3148916 47.6559348,-122.3177506 47.6481432)"
13,C3,24,E4,1.2699878606071857,"LINESTRING (-122.3148916 47.6559348,-122.3040097 47.6485309)"
13,C3,25,E5,2.2116555039623496,"LINESTRING (-122.3148916 47.6559348,-122.2938875 47.6467586)"
13,C3,26,Gate1,3.02457318970426,"LINESTRING (-122.3148916 47.6559348,-122.3462375 47.6560168)"
13,C3,27,Gate2,1.3483469801018289,"LINESTRING (-122.3148916 47.6559348,-122.3148263 47.6699086)"
13,C3,28,Gate3,3.037190497337699,"LINESTRING (-122.3148916 47.6559348,-122.283415 47.6560168)"
13,C3,29,Gate4,1.3325201113270333,"LINESTRING (-122.3148916 47.6559348,-122.3148263 47.642125)"
14,C4,1,A1,3.009150224201474,"LINESTRING (-122.3048201 47.6559651,-122.3347924 47.6645809)"
14,C4,2,A2,2.192420327211145,"LINESTRING (-122.3048201 47.6559651,-122.3257881 47.6647182)"
14,C4,3,A3,1.2961245073155472,"LINESTRING (-122.3048201 47.6559651,-122.3148683 47.6648797)"
14,C4,4,A4,0.8870813444245578,"LINESTRING (-122.3048201 47.6559651,-122.3048193 47.6651586)"
14,C4,5,A5,1.3182628049260823,"LINESTRING (-122.3048201 47.6559651,-122.2943942 47.6647943)"
14,C4,6,B1,2.900238170345916,"LINESTRING (-122.3048201 47.6559651,-122.3345209 47.6605811)"
14,C4,7,B2,2.046898474347365,"LINESTRING (-122.3048201 47.6559651,-122.325519 47.6606093)"
14,C4,8,B3,1.0920107000107833,"LINESTRING (-122.3048201 47.6559651,-122.3151817 47.660517)"
14,C4,9,B4,0.4410531591130072,"LINESTRING (-122.3048201 47.6559651,-122.3047029 47.6605345)"
14,C4,10,B5,1.1946108345979092,"LINESTRING (-122.3048201 47.6559651,-122.2935066 47.6609936)"
14,C4,11,C1,2.921440866781364,"LINESTRING (-122.3048201 47.6559651,-122.3350968 47.6558086)"
14,C4,12,C2,1.9784563431466489,"LINESTRING (-122.3048201 47.6559651,-122.3253243 47.6560149)"
14,C4,13,C3,0.9718089945574544,"LINESTRING (-122.3048201 47.6559651,-122.3148916 47.6559348)"
14,C4,14,C4,0.0,"LINESTRING (-122.3048201 47.6559651,-122.3048201 47.6559651)"
14,C4,15,C5,1.1001896887386786,"LINESTRING (-122.3048201 47.6559651,-122.2934898 47.6572427)"
14,C4,16,D1,2.9738274327813423,"LINESTRING (-122.3048201 47.6559651,-122.3352917 47.6513437)"
14,C4,17,D2,1.9578218559099594,"LINESTRING (-122.3048201 47.6559651,-122.3246096 47.6514846)"
14,C4,18,D3,0.9622297975906683,"LINESTRING (-122.3048201 47.6559651,-122.3138341 47.6516996)"
14,C4,19,D4,0.4170033005845807,"LINESTRING (-122.3048201 47.6559651,-122.305244 47.6516642)"
14,C4,20,D5,0.7766603153032561,"LINESTRING (-122.3048201 47.6559651,-122.2989995 47.6504055)"
14,C4,21,E1,3.1172614087195587,"LINESTRING (-122.3048201 47.6559651,-122.3359803 47.6474355)"
14,C4,22,E2,1.889213064321227,"LINESTRING (-122.3048201 47.6559651,-122.3228057 47.6482276)"
14,C4,23,E3,1.4581822295655975,"LINESTRING (-122.3048201 47.6559651,-122.3177506 47.6481432)"
14,C4,24,E4,0.7215723648701178,"LINESTRING (-122.3048201 47.6559651,-122.3040097 47.6485309)"
14,C4,25,E5,1.3790999184493349,"LINESTRING (-122.3048201 47.6559651,-122.2938875 47.6467586)"
14,C4,26,Gate1,3.996370555635777,"LINESTRING (-122.3048201 47.6559651,-122.3462375 47.6560168)"
14,C4,27,Gate2,1.6559923798777707,"LINESTRING (-122.3048201 47.6559651,-122.3148263 47.6699086)"
14,C4,28,Gate3,2.065381617869438,"LINESTRING (-122.3048201 47.6559651,-122.283415 47.6560168)"
14,C4,29,Gate4,1.6478921117656704,"LINESTRING (-122.3048201 47.6559651,-122.3148263 47.642125)"
15,C5,1,A1,4.047706315453068,"LINESTRING (-122.2934898 47.6572427,-122.3347924 47.6645809)"
15,C5,2,A2,3.19885477644789,"LINESTRING (-122.2934898 47.6572427,-122.3257881 47.6647182)"
15,C5,3,A3,2.190485240650832,"LINESTRING (-122.2934898 47.6572427,-122.3148683 47.6648797)"
15,C5,4,A4,1.3335887067718846,"LINESTRING (-122.2934898 47.6572427,-122.3048193 47.6651586)"
15,C5,5,A5,0.7338606322260092,"LINESTRING (-122.2934898 47.6572427,-122.2943942 47.6647943)"
15,C5,6,B1,3.972177256832006,"LINESTRING (-122.2934898 47.6572427,-122.3345209 47.6605811)"
15,C5,7,B2,3.1075297881454578,"LINESTRING (-122.2934898 47.6572427,-122.325519 47.6606093)"
15,C5,8,B3,2.1167604195080267,"LINESTRING (-122.2934898 47.6572427,-122.3151817 47.660517)"
15,C5,9,B4,1.1276196837602044,"LINESTRING (-122.2934898 47.6572427,-122.3047029 47.6605345)"
15,C5,10,B5,0.3619280089087654,"LINESTRING (-122.2934898 47.6572427,-122.2935066 47.6609936)"
15,C5,11,C1,4.017047036116893,"LINESTRING (-122.2934898 47.6572427,-122.3350968 47.6558086)"
15,C5,12,C2,3.07399522602872,"LINESTRING (-122.2934898 47.6572427,-122.3253243 47.6560149)"
15,C5,13,C3,2.0689183208022563,"LINESTRING (-122.2934898 47.6572427,-122.3148916 47.6559348)"
15,C5,14,C4,1.1001896887386786,"LINESTRING (-122.2934898 47.6572427,-122.3048201 47.6559651)"
15,C5,15,C5,0.0,"LINESTRING (-122.2934898 47.6572427,-122.2934898 47.6572427)"
15,C5,16,D1,4.0734304149475875,"LINESTRING (-122.2934898 47.6572427,-122.3352917 47.6513437)"
15,C5,17,D2,3.053723141921783,"LINESTRING (-122.2934898 47.6572427,-122.3246096 47.6514846)"
15,C5,18,D3,2.034587048338892,"LINESTRING (-122.2934898 47.6572427,-122.3138341 47.6516996)"
15,C5,19,D4,1.2554151752500315,"LINESTRING (-122.2934898 47.6572427,-122.305244 47.6516642)"
15,C5,20,D5,0.8472705539655105,"LINESTRING (-122.2934898 47.6572427,-122.2989995 47.6504055)"
15,C5,21,E1,4.207703557080689,"LINESTRING (-122.2934898 47.6572427,-122.3359803 47.6474355)"
15,C5,22,E2,2.9594234546211395,"LINESTRING (-122.2934898 47.6572427,-122.3228057 47.6482276)"
15,C5,23,E3,2.5001708947640076,"LINESTRING (-122.2934898 47.6572427,-122.3177506 47.6481432)"
15,C5,24,E4,1.3179403961124787,"LINESTRING (-122.2934898 47.6572427,-122.3040097 47.6485309)"
15,C5,25,E5,1.0123386025843775,"LINESTRING (-122.2934898 47.6572427,-122.2938875 47.6467586)"
15,C5,26,Gate1,5.09100295141938,"LINESTRING (-122.2934898 47.6572427,-122.3462375 47.6560168)"
15,C5,27,Gate2,2.394178119042195,"LINESTRING (-122.2934898 47.6572427,-122.3148263 47.6699086)"
15,C5,28,Gate3,0.9792844476832016,"LINESTRING (-122.2934898 47.6572427,-122.283415 47.6560168)"
15,C5,29,Gate4,2.5231528974647532,"LINESTRING (-122.2934898 47.6572427,-122.3148263 47.642125)"
16,D1,1,A1,1.2781603301264242,"LINESTRING (-122.3352917 47.6513437,-122.3347924 47.6645809)"
16,D1,2,A2,1.5831279182447604,"LINESTRING (-122.3352917 47.6513437,-122.3257881 47.6647182)"
16,D1,3,A3,2.3641780547312954,"LINESTRING (-122.3352917 47.6513437,-122.3148683 47.6648797)"
16,D1,4,A4,3.2283284493401116,"LINESTRING (-122.3352917 47.6513437,-122.3048193 47.6651586)"
16,D1,5,A5,4.154144218236527,"LINESTRING (-122.3352917 47.6513437,-122.2943942 47.6647943)"
16,D1,6,B1,0.8944074784789187,"LINESTRING (-122.3352917 47.6513437,-122.3345209 47.6605811)"
16,D1,7,B2,1.2994122123507146,"LINESTRING (-122.3352917 47.6513437,-122.325519 47.6606093)"
16,D1,8,B3,2.1327605264892373,"LINESTRING (-122.3352917 47.6513437,-122.3151817 47.660517)"
16,D1,9,B4,3.081857611419799,"LINESTRING (-122.3352917 47.6513437,-122.3047029 47.6605345)"
16,D1,10,B5,4.137963480799014,"LINESTRING (-122.3352917 47.6513437,-122.2935066 47.6609936)"
16,D1,11,C1,0.4312236058071353,"LINESTRING (-122.3352917 47.6513437,-122.3350968 47.6558086)"
16,D1,12,C2,1.0621324385107014,"LINESTRING (-122.3352917 47.6513437,-122.3253243 47.6560149)"
16,D1,13,C3,2.0176333349325084,"LINESTRING (-122.3352917 47.6513437,-122.3148916 47.6559348)"
16,D1,14,C4,2.9738274327813423,"LINESTRING (-122.3352917 47.6513437,-122.3048201 47.6559651)"
16,D1,15,C5,4.0734304149475875,"LINESTRING (-122.3352917 47.6513437,-122.2934898 47.6572427)"
16,D1,16,D1,0.0,"LINESTRING (-122.3352917 47.6513437,-122.3352917 47.6513437)"
16,D1,17,D2,1.0308022077820562,"LINESTRING (-122.3352917 47.6513437,-122.3246096 47.6514846)"
16,D1,18,D3,2.0707236109936282,"LINESTRING (-122.3352917 47.6513437,-122.3138341 47.6516996)"
16,D1,19,D4,2.8994661551125462,"LINESTRING (-122.3352917 47.6513437,-122.305244 47.6516642)"
16,D1,20,D5,3.5030055551185573,"LINESTRING (-122.3352917 47.6513437,-122.2989995 47.6504055)"
16,D1,21,E1,0.38291444201716773,"LINESTRING (-122.3352917 47.6513437,-122.3359803 47.6474355)"
16,D1,22,E2,1.2417228746467142,"LINESTRING (-122.3352917 47.6513437,-122.3228057 47.6482276)"
16,D1,23,E3,1.7204779383269753,"LINESTRING (-122.3352917 47.6513437,-122.3177506 47.6481432)"
16,D1,24,E4,3.0305800538993966,"LINESTRING (-122.3352917 47.6513437,-122.3040097 47.6485309)"
16,D1,25,E5,4.019513013782998,"LINESTRING (-122.3352917 47.6513437,-122.2938875 47.6467586)"
16,D1,26,Gate1,1.1483854384781358,"LINESTRING (-122.3352917 47.6513437,-122.3462375 47.6560168)"
16,D1,27,Gate2,2.6661417231669207,"LINESTRING (-122.3352917 47.6513437,-122.3148263 47.6699086)"
16,D1,28,Gate3,5.025849476664245,"LINESTRING (-122.3352917 47.6513437,-122.283415 47.6560168)"
16,D1,29,Gate4,2.165807174755527,"LINESTRING (-122.3352917 47.6513437,-122.3148263 47.642125)"
17,D2,1,A1,1.6006945453863093,"LINESTRING (-122.3246096 47.6514846,-122.3347924 47.6645809)"
17,D2,2,A2,1.281968056536222,"LINESTRING (-122.3246096 47.6514846,-122.3257881 47.6647182)"
17,D2,3,A3,1.598134872490848,"LINESTRING (-122.3246096 47.6514846,-122.3148683 47.6648797)"
17,D2,4,A4,2.3210471545340576,"LINESTRING (-122.3246096 47.6514846,-122.3048193 47.6651586)"
17,D2,5,A5,3.185810097038277,"LINESTRING (-122.3246096 47.6514846,-122.2943942 47.6647943)"
17,D2,6,B1,1.2980661352155793,"LINESTRING (-122.3246096 47.6514846,-122.3345209 47.6605811)"
17,D2,7,B2,0.8848025791479712,"LINESTRING (-122.3246096 47.6514846,-122.325519 47.6606093)"
17,D2,8,B3,1.2598155411733336,"LINESTRING (-122.3246096 47.6514846,-122.3151817 47.660517)"
17,D2,9,B4,2.109971811391801,"LINESTRING (-122.3246096 47.6514846,-122.3047029 47.6605345)"
17,D2,10,B5,3.13825411661568,"LINESTRING (-122.3246096 47.6514846,-122.2935066 47.6609936)"
17,D2,11,C1,1.0945466755430173,"LINESTRING (-122.3246096 47.6514846,-122.3350968 47.6558086)"
17,D2,12,C2,0.4425370541232967,"LINESTRING (-122.3246096 47.6514846,-122.3253243 47.6560149)"
17,D2,13,C3,1.0313307054703302,"LINESTRING (-122.3246096 47.6514846,-122.3148916 47.6559348)"
17,D2,14,C4,1.9578218559099594,"LINESTRING (-122.3246096 47.6514846,-122.3048201 47.6559651)"
17,D2,15,C5,3.053723141921783,"LINESTRING (-122.3246096 47.6514846,-122.2934898 47.6572427)"
17,D2,16,D1,1.0308022077820562,"LINESTRING (-122.3246096 47.6514846,-122.3352917 47.6513437)"
17,D2,17,D2,0.0,"LINESTRING (-122.3246096 47.6514846,-122.3246096 47.6514846)"
17,D2,18,D3,1.0399332578689808,"LINESTRING (-122.3246096 47.6514846,-122.3138341 47.6516996)"
17,D2,19,D4,1.868669032863403,"LINESTRING (-122.3246096 47.6514846,-122.305244 47.6516642)"
17,D2,20,D5,2.4733156415106583,"LINESTRING (-122.3246096 47.6514846,-122.2989995 47.6504055)"
17,D2,21,E1,1.1646469899900105,"LINESTRING (-122.3246096 47.6514846,-122.3359803 47.6474355)"
17,D2,22,E2,0.3592467066440835,"LINESTRING (-122.3246096 47.6514846,-122.3228057 47.6482276)"
17,D2,23,E3,0.7361768747395079,"LINESTRING (-122.3246096 47.6514846,-122.3177506 47.6481432)"
17,D2,24,E4,2.008017988560114,"LINESTRING (-122.3246096 47.6514846,-122.3040097 47.6485309)"
17,D2,25,E5,2.9992472735388156,"LINESTRING (-122.3246096 47.6514846,-122.2938875 47.6467586)"
17,D2,26,Gate1,2.132201403367067,"LINESTRING (-122.3246096 47.6514846,-122.3462375 47.6560168)"
17,D2,27,Gate2,2.012822532622848,"LINESTRING (-122.3246096 47.6514846,-122.3148263 47.6699086)"
17,D2,28,Gate3,3.9988531867763637,"LINESTRING (-122.3246096 47.6514846,-122.283415 47.6560168)"
17,D2,29,Gate4,1.3064208414288452,"LINESTRING (-122.3246096 47.6514846,-122.3148263 47.642125)"
18,D3,1,A1,2.3736871199553526,"LINESTRING (-122.3138341 47.6516996,-122.3347924 47.6645809)"
18,D3,2,A2,1.7053961972996756,"LINESTRING (-122.3138341 47.6516996,-122.3257881 47.6647182)"
18,D3,3,A3,1.2756569667211883,"LINESTRING (-122.3138341 47.6516996,-122.3148683 47.6648797)"
18,D3,4,A4,1.5630479164956825,"LINESTRING (-122.3138341 47.6516996,-122.3048193 47.6651586)"
18,D3,5,A5,2.261621184572112,"LINESTRING (-122.3138341 47.6516996,-122.2943942 47.6647943)"
18,D3,6,B1,2.172251641666491,"LINESTRING (-122.3138341 47.6516996,-122.3345209 47.6605811)"
18,D3,7,B2,1.4178407396314219,"LINESTRING (-122.3138341 47.6516996,-122.325519 47.6606093)"
18,D3,8,B3,0.8606638476584324,"LINESTRING (-122.3138341 47.6516996,-122.3151817 47.660517)"
18,D3,9,B4,1.2259704762725998,"LINESTRING (-122.3138341 47.6516996,-122.3047029 47.6605345)"
18,D3,10,B5,2.156690588334935,"LINESTRING (-122.3138341 47.6516996,-122.2935066 47.6609936)"
18,D3,11,C1,2.089592088878145,"LINESTRING (-122.3138341 47.6516996,-122.3350968 47.6558086)"
18,D3,12,C2,1.1842942867365864,"LINESTRING (-122.3138341 47.6516996,-122.3253243 47.6560149)"
18,D3,13,C3,0.4211953951016049,"LINESTRING (-122.3138341 47.6516996,-122.3148916 47.6559348)"
18,D3,14,C4,0.9622297975906683,"LINESTRING (-122.3138341 47.6516996,-122.3048201 47.6559651)"
18,D3,15,C5,2.034587048338892,"LINESTRING (-122.3138341 47.6516996,-122.2934898 47.6572427)"
18,D3,16,D1,2.0707236109936282,"LINESTRING (-122.3138341 47.6516996,-122.3352917 47.6513437)"
18,D3,17,D2,1.0399332578689808,"LINESTRING (-122.3138341 47.6516996,-122.3246096 47.6514846)"
18,D3,18,D3,0.0,"LINESTRING (-122.3138341 47.6516996,-122.3138341 47.6516996)"
18,D3,19,D4,0.8288695037005119,"LINESTRING (-122.3138341 47.6516996,-122.305244 47.6516642)"
18,D3,20,D5,1.4368332574475307,"LINESTRING (-122.3138341 47.6516996,-122.2989995 47.6504055)"
18,D3,21,E1,2.1761359211595943,"LINESTRING (-122.3138341 47.6516996,-122.3359803 47.6474355)"
18,D3,22,E2,0.9282326193127691,"LINESTRING (-122.3138341 47.6516996,-122.3228057 47.6482276)"
18,D3,23,E3,0.5104576565180936,"LINESTRING (-122.3138341 47.6516996,-122.3177506 47.6481432)"
18,D3,24,E4,0.996051393752767,"LINESTRING (-122.3138341 47.6516996,-122.3040097 47.6485309)"
18,D3,25,E5,1.982822677155434,"LINESTRING (-122.3138341 47.6516996,-122.2938875 47.6467586)"
18,D3,26,Gate1,3.1542275993678324,"LINESTRING (-122.3138341 47.6516996,-122.3462375 47.6560168)"
18,D3,27,Gate2,1.759587125842198,"LINESTRING (-122.3138341 47.6516996,-122.3148263 47.6699086)"
18,D3,28,Gate3,2.9645554479282614,"LINESTRING (-122.3138341 47.6516996,-122.283415 47.6560168)"
18,D3,29,Gate4,0.9288025774458613,"LINESTRING (-122.3138341 47.6516996,-122.3148263 47.642125)"
19,D4,1,A1,3.1116362120436563,"LINESTRING (-122.305244 47.6516642,-122.3347924 47.6645809)"
19,D4,2,A2,2.348633847214237,"LINESTRING (-122.305244 47.6516642,-122.3257881 47.6647182)"
19,D4,3,A3,1.577480546695007,"LINESTRING (-122.305244 47.6516642,-122.3148683 47.6648797)"
19,D4,4,A4,1.3027181749385994,"LINESTRING (-122.305244 47.6516642,-122.3048193 47.6651586)"
19,D4,5,A5,1.643502038592282,"LINESTRING (-122.305244 47.6516642,-122.2943942 47.6647943)"
19,D4,6,B1,2.9530481943943188,"LINESTRING (-122.305244 47.6516642,-122.3345209 47.6605811)"
19,D4,7,B2,2.13827595463871,"LINESTRING (-122.305244 47.6516642,-122.325519 47.6606093)"
19,D4,8,B3,1.28418373071717,"LINESTRING (-122.305244 47.6516642,-122.3151817 47.660517)"
19,D4,9,B4,0.8574912638336205,"LINESTRING (-122.305244 47.6516642,-122.3047029 47.6605345)"
19,D4,10,B5,1.446721734096556,"LINESTRING (-122.305244 47.6516642,-122.2935066 47.6609936)"
19,D4,11,C1,2.9081227499478093,"LINESTRING (-122.305244 47.6516642,-122.3350968 47.6558086)"
19,D4,12,C2,1.982502980709681,"LINESTRING (-122.305244 47.6516642,-122.3253243 47.6560149)"
19,D4,13,C3,1.0180254461863751,"LINESTRING (-122.305244 47.6516642,-122.3148916 47.6559348)"
19,D4,14,C4,0.4170033005845807,"LINESTRING (-122.305244 47.6516642,-122.3048201 47.6559651)"
19,D4,15,C5,1.2554151752500315,"LINESTRING (-122.305244 47.6516642,-122.2934898 47.6572427)"
19,D4,16,D1,2.8994661551125462,"LINESTRING (-122.305244 47.6516642,-122.3352917 47.6513437)"
19,D4,17,D2,1.868669032863403,"LINESTRING (-122.305244 47.6516642,-122.3246096 47.6514846)"
19,D4,18,D3,0.8288695037005119,"LINESTRING (-122.305244 47.6516642,-122.3138341 47.6516996)"
19,D4,19,D4,0.0,"LINESTRING (-122.305244 47.6516642,-122.305244 47.6516642)"
19,D4,20,D5,0.6146530105108216,"LINESTRING (-122.305244 47.6516642,-122.2989995 47.6504055)"
19,D4,21,E1,2.9936842970208026,"LINESTRING (-122.305244 47.6516642,-122.3359803 47.6474355)"
19,D4,22,E2,1.726669804580694,"LINESTRING (-122.305244 47.6516642,-122.3228057 47.6482276)"
19,D4,23,E3,1.2536759353074112,"LINESTRING (-122.305244 47.6516642,-122.3177506 47.6481432)"
19,D4,24,E4,0.32494433417745355,"LINESTRING (-122.305244 47.6516642,-122.3040097 47.6485309)"
19,D4,25,E5,1.193652197768067,"LINESTRING (-122.305244 47.6516642,-122.2938875 47.6467586)"
19,D4,26,Gate1,3.977696472826648,"LINESTRING (-122.305244 47.6516642,-122.3462375 47.6560168)"
19,D4,27,Gate2,1.9884377518346892,"LINESTRING (-122.305244 47.6516642,-122.3148263 47.6699086)"
19,D4,28,Gate3,2.1477439827779583,"LINESTRING (-122.305244 47.6516642,-122.283415 47.6560168)"
19,D4,29,Gate4,1.3046336962619651,"LINESTRING (-122.305244 47.6516642,-122.3148263 47.642125)"
20,D5,1,A1,3.7146501231558053,"LINESTRING (-122.2989995 47.6504055,-122.3347924 47.6645809)"
20,D5,2,A2,2.9306399982389006,"LINESTRING (-122.2989995 47.6504055,-122.3257881 47.6647182)"
20,D5,3,A3,2.0724564158607284,"LINESTRING (-122.2989995 47.6504055,-122.3148683 47.6648797)"
20,D5,4,A4,1.530286123876949,"LINESTRING (-122.2989995 47.6504055,-122.3048193 47.6651586)"
20,D5,5,A5,1.4577563440886934,"LINESTRING (-122.2989995 47.6504055,-122.2943942 47.6647943)"
20,D5,6,B1,3.5653216590795602,"LINESTRING (-122.2989995 47.6504055,-122.3345209 47.6605811)"
20,D5,7,B2,2.7417512290198003,"LINESTRING (-122.2989995 47.6504055,-122.325519 47.6606093)"
20,D5,8,B3,1.841178824526305,"LINESTRING (-122.2989995 47.6504055,-122.3151817 47.660517)"
20,D5,9,B4,1.1216422947640523,"LINESTRING (-122.2989995 47.6504055,-122.3047029 47.6605345)"
20,D5,10,B5,1.1509446329603232,"LINESTRING (-122.2989995 47.6504055,-122.2935066 47.6609936)"
20,D5,11,C1,3.5218331578179143,"LINESTRING (-122.2989995 47.6504055,-122.3350968 47.6558086)"
20,D5,12,C2,2.597106911821149,"LINESTRING (-122.2989995 47.6504055,-122.3253243 47.6560149)"
20,D5,13,C3,1.6235967400125875,"LINESTRING (-122.2989995 47.6504055,-122.3148916 47.6559348)"
20,D5,14,C4,0.7766603153032561,"LINESTRING (-122.2989995 47.6504055,-122.3048201 47.6559651)"
20,D5,15,C5,0.8472705539655105,"LINESTRING (-122.2989995 47.6504055,-122.2934898 47.6572427)"
20,D5,16,D1,3.5030055551185573,"LINESTRING (-122.2989995 47.6504055,-122.3352917 47.6513437)"
20,D5,17,D2,2.4733156415106583,"LINESTRING (-122.2989995 47.6504055,-122.3246096 47.6514846)"
20,D5,18,D3,1.4368332574475307,"LINESTRING (-122.2989995 47.6504055,-122.3138341 47.6516996)"
20,D5,19,D4,0.6146530105108216,"LINESTRING (-122.2989995 47.6504055,-122.305244 47.6516642)"
20,D5,20,D5,0.0,"LINESTRING (-122.2989995 47.6504055,-122.2989995 47.6504055)"
20,D5,21,E1,3.5797711062359854,"LINESTRING (-122.2989995 47.6504055,-122.3359803 47.6474355)"
20,D5,22,E2,2.306657010727061,"LINESTRING (-122.2989995 47.6504055,-122.3228057 47.6482276)"
20,D5,23,E3,1.8224194644476106,"LINESTRING (-122.2989995 47.6504055,-122.3177506 47.6481432)"
20,D5,24,E4,0.5161631334780155,"LINESTRING (-122.2989995 47.6504055,-122.3040097 47.6485309)"
20,D5,25,E5,0.6059087306484995,"LINESTRING (-122.2989995 47.6504055,-122.2938875 47.6467586)"
20,D5,26,Gate1,4.5900421235964215,"LINESTRING (-122.2989995 47.6504055,-122.3462375 47.6560168)"
20,D5,27,Gate2,2.423528869640948,"LINESTRING (-122.2989995 47.6504055,-122.3148263 47.6699086)"
20,D5,28,Gate3,1.5982514226800835,"LINESTRING (-122.2989995 47.6504055,-122.283415 47.6560168)"
20,D5,29,Gate4,1.723508762192418,"LINESTRING (-122.2989995 47.6504055,-122.3148263 47.642125)"
21,E1,1,A1,1.6583232244718074,"LINESTRING (-122.3359803 47.6474355,-122.3347924 47.6645809)"
21,E1,2,A2,1.9359994631564845,"LINESTRING (-122.3359803 47.6474355,-122.3257881 47.6647182)"
21,E1,3,A3,2.642520336388162,"LINESTRING (-122.3359803 47.6474355,-122.3148683 47.6648797)"
21,E1,4,A4,3.4590214062205633,"LINESTRING (-122.3359803 47.6474355,-122.3048193 47.6651586)"
21,E1,5,A5,4.348196105570676,"LINESTRING (-122.3359803 47.6474355,-122.2943942 47.6647943)"
21,E1,6,B1,1.2762080591878038,"LINESTRING (-122.3359803 47.6474355,-122.3345209 47.6605811)"
21,E1,7,B2,1.6231751168136126,"LINESTRING (-122.3359803 47.6474355,-122.325519 47.6606093)"
21,E1,8,B3,2.3708081305230024,"LINESTRING (-122.3359803 47.6474355,-122.3151817 47.660517)"
21,E1,9,B4,3.2719344307356617,"LINESTRING (-122.3359803 47.6474355,-122.3047029 47.6605345)"
21,E1,10,B5,4.302025924036966,"LINESTRING (-122.3359803 47.6474355,-122.2935066 47.6609936)"
21,E1,11,C1,0.8124039366458793,"LINESTRING (-122.3359803 47.6474355,-122.3350968 47.6558086)"
21,E1,12,C2,1.3200378495827207,"LINESTRING (-122.3359803 47.6474355,-122.3253243 47.6560149)"
21,E1,13,C3,2.1938921341028914,"LINESTRING (-122.3359803 47.6474355,-122.3148916 47.6559348)"
21,E1,14,C4,3.1172614087195587,"LINESTRING (-122.3359803 47.6474355,-122.3048201 47.6559651)"
21,E1,15,C5,4.207703557080689,"LINESTRING (-122.3359803 47.6474355,-122.2934898 47.6572427)"
21,E1,16,D1,0.38291444201716773,"LINESTRING (-122.3359803 47.6474355,-122.3352917 47.6513437)"
21,E1,17,D2,1.1646469899900105,"LINESTRING (-122.3359803 47.6474355,-122.3246096 47.6514846)"
21,E1,18,D3,2.1761359211595943,"LINESTRING (-122.3359803 47.6474355,-122.3138341 47.6516996)"
21,E1,19,D4,2.9936842970208026,"LINESTRING (-122.3359803 47.6474355,-122.305244 47.6516642)"
21,E1,20,D5,3.5797711062359854,"LINESTRING (-122.3359803 47.6474355,-122.2989995 47.6504055)"
21,E1,21,E1,0.0,"LINESTRING (-122.3359803 47.6474355,-122.3359803 47.6474355)"
21,E1,22,E2,1.2735127920088631,"LINESTRING (-122.3359803 47.6474355,-122.3228057 47.6482276)"
21,E1,23,E3,1.7603075658085257,"LINESTRING (-122.3359803 47.6474355,-122.3177506 47.6481432)"
21,E1,24,E4,3.0866590363067323,"LINESTRING (-122.3359803 47.6474355,-122.3040097 47.6485309)"
21,E1,25,E5,4.062062447962499,"LINESTRING (-122.3359803 47.6474355,-122.2938875 47.6467586)"
21,E1,26,Gate1,1.290399322104205,"LINESTRING (-122.3359803 47.6474355,-122.3462375 47.6560168)"
21,E1,27,Gate2,2.977984972241383,"LINESTRING (-122.3359803 47.6474355,-122.3148263 47.6699086)"
21,E1,28,Gate3,5.1391703802374264,"LINESTRING (-122.3359803 47.6474355,-122.283415 47.6560168)"
21,E1,29,Gate4,2.104492442737702,"LINESTRING (-122.3359803 47.6474355,-122.3148263 47.642125)"
22,E2,1,A1,1.9564165329714827,"LINESTRING (-122.3228057 47.6482276,-122.3347924 47.6645809)"
22,E2,2,A2,1.6169920772582156,"LINESTRING (-122.3228057 47.6482276,-122.3257881 47.6647182)"
22,E2,3,A3,1.7799598861167505,"LINESTRING (-122.3228057 47.6482276,-122.3148683 47.6648797)"
22,E2,4,A4,2.3834535124422045,"LINESTRING (-122.3228057 47.6482276,-122.3048193 47.6651586)"
22,E2,5,A5,3.1734375852742334,"LINESTRING (-122.3228057 47.6482276,-122.2943942 47.6647943)"
22,E2,6,B1,1.642748269369565,"LINESTRING (-122.3228057 47.6482276,-122.3345209 47.6605811)"
22,E2,7,B2,1.223054824025718,"LINESTRING (-122.3228057 47.6482276,-122.325519 47.6606093)"
22,E2,8,B3,1.395455393625978,"LINESTRING (-122.3228057 47.6482276,-122.3151817 47.660517)"
22,E2,9,B4,2.1121624079305517,"LINESTRING (-122.3228057 47.6482276,-122.3047029 47.6605345)"
22,E2,10,B5,3.083771379900983,"LINESTRING (-122.3228057 47.6482276,-122.2935066 47.6609936)"
22,E2,11,C1,1.3934085815626915,"LINESTRING (-122.3228057 47.6482276,-122.3350968 47.6558086)"
22,E2,12,C2,0.7897163787148876,"LINESTRING (-122.3228057 47.6482276,-122.3253243 47.6560149)"
22,E2,13,C3,1.0659108797789205,"LINESTRING (-122.3228057 47.6482276,-122.3148916 47.6559348)"
22,E2,14,C4,1.889213064321227,"LINESTRING (-122.3228057 47.6482276,-122.3048201 47.6559651)"
22,E2,15,C5,2.9594234546211395,"LINESTRING (-122.3228057 47.6482276,-122.2934898 47.6572427)"
22,E2,16,D1,1.2417228746467142,"LINESTRING (-122.3228057 47.6482276,-122.3352917 47.6513437)"
22,E2,17,D2,0.3592467066440835,"LINESTRING (-122.3228057 47.6482276,-122.3246096 47.6514846)"
22,E2,18,D3,0.9282326193127691,"LINESTRING (-122.3228057 47.6482276,-122.3138341 47.6516996)"
22,E2,19,D4,1.726669804580694,"LINESTRING (-122.3228057 47.6482276,-122.305244 47.6516642)"
22,E2,20,D5,2.306657010727061,"LINESTRING (-122.3228057 47.6482276,-122.2989995 47.6504055)"
22,E2,21,E1,1.2735127920088631,"LINESTRING (-122.3228057 47.6482276,-122.3359803 47.6474355)"
22,E2,22,E2,0.0,"LINESTRING (-122.3228057 47.6482276,-122.3228057 47.6482276)"
22,E2,23,E3,0.48783332658281225,"LINESTRING (-122.3228057 47.6482276,-122.3177506 47.6481432)"
22,E2,24,E4,1.813867845134434,"LINESTRING (-122.3228057 47.6482276,-122.3040097 47.6485309)"
22,E2,25,E5,2.793918280527852,"LINESTRING (-122.3228057 47.6482276,-122.2938875 47.6467586)"
22,E2,26,Gate1,2.382577637856008,"LINESTRING (-122.3228057 47.6482276,-122.3462375 47.6560168)"
22,E2,27,Gate2,2.2291808158278656,"LINESTRING (-122.3228057 47.6482276,-122.3148263 47.6699086)"
22,E2,28,Gate3,3.8744076778700527,"LINESTRING (-122.3228057 47.6482276,-122.283415 47.6560168)"
22,E2,29,Gate4,0.9693009202189783,"LINESTRING (-122.3228057 47.6482276,-122.3148263 47.642125)"
23,E3,1,A1,2.2846316982874604,"LINESTRING (-122.3177506 47.6481432,-122.3347924 47.6645809)"
23,E3,2,A2,1.7774387912076768,"LINESTRING (-122.3177506 47.6481432,-122.3257881 47.6647182)"
23,E3,3,A3,1.6386778682575862,"LINESTRING (-122.3177506 47.6481432,-122.3148683 47.6648797)"
23,E3,4,A4,2.0621341558560884,"LINESTRING (-122.3177506 47.6481432,-122.3048193 47.6651586)"
23,E3,5,A5,2.7677372728982936,"LINESTRING (-122.3177506 47.6481432,-122.2943942 47.6647943)"
23,E3,6,B1,2.0146348981391142,"LINESTRING (-122.3177506 47.6481432,-122.3345209 47.6605811)"
23,E3,7,B2,1.4172872123397358,"LINESTRING (-122.3177506 47.6481432,-122.325519 47.6606093)"
23,E3,8,B3,1.21940277985961,"LINESTRING (-122.3177506 47.6481432,-122.3151817 47.660517)"
23,E3,9,B4,1.736247499757469,"LINESTRING (-122.3177506 47.6481432,-122.3047029 47.6605345)"
23,E3,10,B5,2.647600970816073,"LINESTRING (-122.3177506 47.6481432,-122.2935066 47.6609936)"
23,E3,11,C1,1.829871097514051,"LINESTRING (-122.3177506 47.6481432,-122.3350968 47.6558086)"
23,E3,12,C2,1.0540108899665732,"LINESTRING (-122.3177506 47.6481432,-122.3253243 47.6560149)"
23,E3,13,C3,0.8008202410612815,"LINESTRING (-122.3177506 47.6481432,-122.3148916 47.6559348)"
23,E3,14,C4,1.4581822295655975,"LINESTRING (-122.3177506 47.6481432,-122.3048201 47.6559651)"
23,E3,15,C5,2.5001708947640076,"LINESTRING (-122.3177506 47.6481432,-122.2934898 47.6572427)"
23,E3,16,D1,1.7204779383269753,"LINESTRING (-122.3177506 47.6481432,-122.3352917 47.6513437)"
23,E3,17,D2,0.7361768747395079,"LINESTRING (-122.3177506 47.6481432,-122.3246096 47.6514846)"
23,E3,18,D3,0.5104576565180936,"LINESTRING (-122.3177506 47.6481432,-122.3138341 47.6516996)"
23,E3,19,D4,1.2536759353074112,"LINESTRING (-122.3177506 47.6481432,-122.305244 47.6516642)"
23,E3,20,D5,1.8224194644476106,"LINESTRING (-122.3177506 47.6481432,-122.2989995 47.6504055)"
23,E3,21,E1,1.7603075658085257,"LINESTRING (-122.3177506 47.6481432,-122.3359803 47.6474355)"
23,E3,22,E2,0.48783332658281225,"LINESTRING (-122.3177506 47.6481432,-122.3228057 47.6482276)"
23,E3,23,E3,0.0,"LINESTRING (-122.3177506 47.6481432,-122.3177506 47.6481432)"
23,E3,24,E4,1.3263939629989423,"LINESTRING (-122.3177506 47.6481432,-122.3040097 47.6485309)"
23,E3,25,E5,2.3064277842443786,"LINESTRING (-122.3177506 47.6481432,-122.2938875 47.6467586)"
23,E3,26,Gate1,2.851754911176512,"LINESTRING (-122.3177506 47.6481432,-122.3462375 47.6560168)"
23,E3,27,Gate2,2.1190090798929515,"LINESTRING (-122.3177506 47.6481432,-122.3148263 47.6699086)"
23,E3,28,Gate3,3.3990363701034356,"LINESTRING (-122.3177506 47.6481432,-122.283415 47.6560168)"
23,E3,29,Gate4,0.6456277308792382,"LINESTRING (-122.3177506 47.6481432,-122.3148263 47.642125)"
24,E4,1,A1,3.3497196186259064,"LINESTRING (-122.3040097 47.6485309,-122.3347924 47.6645809)"
24,E4,2,A2,2.6182973230389437,"LINESTRING (-122.3040097 47.6485309,-122.3257881 47.6647182)"
24,E4,3,A3,1.8937488600253276,"LINESTRING (-122.3040097 47.6485309,-122.3148683 47.6648797)"
24,E4,4,A4,1.606305139944032,"LINESTRING (-122.3040097 47.6485309,-122.3048193 47.6651586)"
24,E4,5,A5,1.823012297395846,"LINESTRING (-122.3040097 47.6485309,-122.2943942 47.6647943)"
24,E4,6,B1,3.1653167344031647,"LINESTRING (-122.3040097 47.6485309,-122.3345209 47.6605811)"
24,E4,7,B2,2.380274523497813,"LINESTRING (-122.3040097 47.6485309,-122.325519 47.6606093)"
24,E4,8,B3,1.5810218902149757,"LINESTRING (-122.3040097 47.6485309,-122.3151817 47.660517)"
24,E4,9,B4,1.1601613644738715,"LINESTRING (-122.3040097 47.6485309,-122.3047029 47.6605345)"
24,E4,10,B5,1.5726193584363743,"LINESTRING (-122.3040097 47.6485309,-122.2935066 47.6609936)"
24,E4,11,C1,3.0806990058196733,"LINESTRING (-122.3040097 47.6485309,-122.3350968 47.6558086)"
24,E4,12,C2,2.1797413883731958,"LINESTRING (-122.3040097 47.6485309,-122.3253243 47.6560149)"
24,E4,13,C3,1.2699878606071857,"LINESTRING (-122.3040097 47.6485309,-122.3148916 47.6559348)"
24,E4,14,C4,0.7215723648701178,"LINESTRING (-122.3040097 47.6485309,-122.3048201 47.6559651)"
24,E4,15,C5,1.3179403961124787,"LINESTRING (-122.3040097 47.6485309,-122.2934898 47.6572427)"
24,E4,16,D1,3.0305800538993966,"LINESTRING (-122.3040097 47.6485309,-122.3352917 47.6513437)"
24,E4,17,D2,2.008017988560114,"LINESTRING (-122.3040097 47.6485309,-122.3246096 47.6514846)"
24,E4,18,D3,0.996051393752767,"LINESTRING (-122.3040097 47.6485309,-122.3138341 47.6516996)"
24,E4,19,D4,0.32494433417745355,"LINESTRING (-122.3040097 47.6485309,-122.305244 47.6516642)"
24,E4,20,D5,0.5161631334780155,"LINESTRING (-122.3040097 47.6485309,-122.2989995 47.6504055)"
24,E4,21,E1,3.0866590363067323,"LINESTRING (-122.3040097 47.6485309,-122.3359803 47.6474355)"
24,E4,22,E2,1.813867845134434,"LINESTRING (-122.3040097 47.6485309,-122.3228057 47.6482276)"
24,E4,23,E3,1.3263939629989423,"LINESTRING (-122.3040097 47.6485309,-122.3177506 47.6481432)"
24,E4,24,E4,0.0,"LINESTRING (-122.3040097 47.6485309,-122.3040097 47.6485309)"
24,E4,25,E5,0.991546609555769,"LINESTRING (-122.3040097 47.6485309,-122.2938875 47.6467586)"
24,E4,26,Gate1,4.138091710028429,"LINESTRING (-122.3040097 47.6485309,-122.3462375 47.6560168)"
24,E4,27,Gate2,2.3117438590377217,"LINESTRING (-122.3040097 47.6485309,-122.3148263 47.6699086)"
24,E4,28,Gate3,2.114384470373509,"LINESTRING (-122.3040097 47.6485309,-122.283415 47.6560168)"
24,E4,29,Gate4,1.2129902506662777,"LINESTRING (-122.3040097 47.6485309,-122.3148263 47.642125)"
25,E5,1,A1,4.305280241858909,"LINESTRING (-122.2938875 47.6467586,-122.3347924 47.6645809)"
25,E5,2,A2,3.532376681613479,"LINESTRING (-122.2938875 47.6467586,-122.3257881 47.6647182)"
25,E5,3,A3,2.6750021635757624,"LINESTRING (-122.2938875 47.6467586,-122.3148683 47.6648797)"
25,E5,4,A4,2.065121287973529,"LINESTRING (-122.2938875 47.6467586,-122.3048193 47.6651586)"
25,E5,5,A5,1.740951254857777,"LINESTRING (-122.2938875 47.6467586,-122.2943942 47.6647943)"
25,E5,6,B1,4.141360627030616,"LINESTRING (-122.2938875 47.6467586,-122.3345209 47.6605811)"
25,E5,7,B2,3.331905161522581,"LINESTRING (-122.2938875 47.6467586,-122.325519 47.6606093)"
25,E5,8,B3,2.4462348557118228,"LINESTRING (-122.2938875 47.6467586,-122.3151817 47.660517)"
25,E5,9,B4,1.6899550890102897,"LINESTRING (-122.2938875 47.6467586,-122.3047029 47.6605345)"
25,E5,10,B5,1.3740269479084555,"LINESTRING (-122.2938875 47.6467586,-122.2935066 47.6609936)"
25,E5,11,C1,4.071042964863531,"LINESTRING (-122.2938875 47.6467586,-122.3350968 47.6558086)"
25,E5,12,C2,3.1620922241670097,"LINESTRING (-122.2938875 47.6467586,-122.3253243 47.6560149)"
25,E5,13,C3,2.2116555039623496,"LINESTRING (-122.2938875 47.6467586,-122.3148916 47.6559348)"
25,E5,14,C4,1.3790999184493349,"LINESTRING (-122.2938875 47.6467586,-122.3048201 47.6559651)"
25,E5,15,C5,1.0123386025843775,"LINESTRING (-122.2938875 47.6467586,-122.2934898 47.6572427)"
25,E5,16,D1,4.019513013782998,"LINESTRING (-122.2938875 47.6467586,-122.3352917 47.6513437)"
25,E5,17,D2,2.9992472735388156,"LINESTRING (-122.2938875 47.6467586,-122.3246096 47.6514846)"
25,E5,18,D3,1.982822677155434,"LINESTRING (-122.2938875 47.6467586,-122.3138341 47.6516996)"
25,E5,19,D4,1.193652197768067,"LINESTRING (-122.2938875 47.6467586,-122.305244 47.6516642)"
25,E5,20,D5,0.6059087306484995,"LINESTRING (-122.2938875 47.6467586,-122.2989995 47.6504055)"
25,E5,21,E1,4.062062447962499,"LINESTRING (-122.2938875 47.6467586,-122.3359803 47.6474355)"
25,E5,22,E2,2.793918280527852,"LINESTRING (-122.2938875 47.6467586,-122.3228057 47.6482276)"
25,E5,23,E3,2.3064277842443786,"LINESTRING (-122.2938875 47.6467586,-122.3177506 47.6481432)"
25,E5,24,E4,0.991546609555769,"LINESTRING (-122.2938875 47.6467586,-122.3040097 47.6485309)"
25,E5,25,E5,0.0,"LINESTRING (-122.2938875 47.6467586,-122.2938875 47.6467586)"
25,E5,26,Gate1,5.129636528605689,"LINESTRING (-122.2938875 47.6467586,-122.3462375 47.6560168)"
25,E5,27,Gate2,3.0119006155050707,"LINESTRING (-122.2938875 47.6467586,-122.3148263 47.6699086)"
25,E5,28,Gate3,1.3487484277882895,"LINESTRING (-122.2938875 47.6467586,-122.283415 47.6560168)"
25,E5,29,Gate4,2.0692578979521734,"LINESTRING (-122.2938875 47.6467586,-122.3148263 47.642125)"
26,Gate1,1,A1,1.3792781617289749,"LINESTRING (-122.3462375 47.6560168,-122.3347924 47.6645809)"
26,Gate1,2,A2,2.144364141665469,"LINESTRING (-122.3462375 47.6560168,-122.3257881 47.6647182)"
26,Gate1,3,A3,3.145305208398376,"LINESTRING (-122.3462375 47.6560168,-122.3148683 47.6648797)"
26,Gate1,4,A4,4.0926288400708275,"LINESTRING (-122.3462375 47.6560168,-122.3048193 47.6651586)"
26,Gate1,5,A5,5.073554617031069,"LINESTRING (-122.3462375 47.6560168,-122.2943942 47.6647943)"
26,Gate1,6,B1,1.2132873533085005,"LINESTRING (-122.3462375 47.6560168,-122.3345209 47.6605811)"
26,Gate1,7,B2,2.047647694417843,"LINESTRING (-122.3462375 47.6560168,-122.325519 47.6606093)"
26,Gate1,8,B3,3.0278760589071942,"LINESTRING (-122.3462375 47.6560168,-122.3151817 47.660517)"
26,Gate1,9,B4,4.031306687294974,"LINESTRING (-122.3462375 47.6560168,-122.3047029 47.6605345)"
26,Gate1,10,B5,5.110616834387267,"LINESTRING (-122.3462375 47.6560168,-122.2935066 47.6609936)"
26,Gate1,11,C1,1.075153273831524,"LINESTRING (-122.3462375 47.6560168,-122.3350968 47.6558086)"
26,Gate1,12,C2,2.0179169552991505,"LINESTRING (-122.3462375 47.6560168,-122.3253243 47.6560149)"
26,Gate1,13,C3,3.02457318970426,"LINESTRING (-122.3462375 47.6560168,-122.3148916 47.6559348)"
26,Gate1,14,C4,3.996370555635777,"LINESTRING (-122.3462375 47.6560168,-122.3048201 47.6559651)"
26,Gate1,15,C5,5.09100295141938,"LINESTRING (-122.3462375 47.6560168,-122.2934898 47.6572427)"
26,Gate1,16,D1,1.1483854384781358,"LINESTRING (-122.3462375 47.6560168,-122.3352917 47.6513437)"
26,Gate1,17,D2,2.132201403367067,"LINESTRING (-122.3462375 47.6560168,-122.3246096 47.6514846)"
26,Gate1,18,D3,3.1542275993678324,"LINESTRING (-122.3462375 47.6560168,-122.3138341 47.6516996)"
26,Gate1,19,D4,3.977696472826648,"LINESTRING (-122.3462375 47.6560168,-122.305244 47.6516642)"
26,Gate1,20,D5,4.5900421235964215,"LINESTRING (-122.3462375 47.6560168,-122.2989995 47.6504055)"
26,Gate1,21,E1,1.290399322104205,"LINESTRING (-122.3462375 47.6560168,-122.3359803 47.6474355)"
26,Gate1,22,E2,2.382577637856008,"LINESTRING (-122.3462375 47.6560168,-122.3228057 47.6482276)"
26,Gate1,23,E3,2.851754911176512,"LINESTRING (-122.3462375 47.6560168,-122.3177506 47.6481432)"
26,Gate1,24,E4,4.138091710028429,"LINESTRING (-122.3462375 47.6560168,-122.3040097 47.6485309)"
26,Gate1,25,E5,5.129636528605689,"LINESTRING (-122.3462375 47.6560168,-122.2938875 47.6467586)"
26,Gate1,26,Gate1,0.0,"LINESTRING (-122.3462375 47.6560168,-122.3462375 47.6560168)"
26,Gate1,27,Gate2,3.314046531807258,"LINESTRING (-122.3462375 47.6560168,-122.3148263 47.6699086)"
26,Gate1,28,Gate3,6.0617430249995925,"LINESTRING (-122.3462375 47.6560168,-122.283415 47.6560168)"
26,Gate1,29,Gate4,3.314046531807258,"LINESTRING (-122.3462375 47.6560168,-122.3148263 47.642125)"
27,Gate2,1,A1,1.9939440366045438,"LINESTRING (-122.3148263 47.6699086,-122.3347924 47.6645809)"
27,Gate2,2,A2,1.1702853427738424,"LINESTRING (-122.3148263 47.6699086,-122.3257881 47.6647182)"
27,Gate2,3,A3,0.4852499789901332,"LINESTRING (-122.3148263 47.6699086,-122.3148683 47.6648797)"
27,Gate2,4,A4,1.0688249084792247,"LINESTRING (-122.3148263 47.6699086,-122.3048193 47.6651586)"
27,Gate2,5,A5,2.0323152699294247,"LINESTRING (-122.3148263 47.6699086,-122.2943942 47.6647943)"
27,Gate2,6,B1,2.1026892834865376,"LINESTRING (-122.3148263 47.6699086,-122.3345209 47.6605811)"
27,Gate2,7,B2,1.3673442825466582,"LINESTRING (-122.3148263 47.6699086,-122.325519 47.6606093)"
27,Gate2,8,B3,0.9068438957395637,"LINESTRING (-122.3148263 47.6699086,-122.3151817 47.660517)"
27,Gate2,9,B4,1.331261282239219,"LINESTRING (-122.3148263 47.6699086,-122.3047029 47.6605345)"
27,Gate2,10,B5,2.2297442376459693,"LINESTRING (-122.3148263 47.6699086,-122.2935066 47.6609936)"
27,Gate2,11,C1,2.382550871061673,"LINESTRING (-122.3148263 47.6699086,-122.3350968 47.6558086)"
27,Gate2,12,C2,1.6802619398709806,"LINESTRING (-122.3148263 47.6699086,-122.3253243 47.6560149)"
27,Gate2,13,C3,1.3483469801018289,"LINESTRING (-122.3148263 47.6699086,-122.3148916 47.6559348)"
27,Gate2,14,C4,1.6559923798777707,"LINESTRING (-122.3148263 47.6699086,-122.3048201 47.6559651)"
27,Gate2,15,C5,2.394178119042195,"LINESTRING (-122.3148263 47.6699086,-122.2934898 47.6572427)"
27,Gate2,16,D1,2.6661417231669207,"LINESTRING (-122.3148263 47.6699086,-122.3352917 47.6513437)"
27,Gate2,17,D2,2.012822532622848,"LINESTRING (-122.3148263 47.6699086,-122.3246096 47.6514846)"
27,Gate2,18,D3,1.759587125842198,"LINESTRING (-122.3148263 47.6699086,-122.3138341 47.6516996)"
27,Gate2,19,D4,1.9884377518346892,"LINESTRING (-122.3148263 47.6699086,-122.305244 47.6516642)"
27,Gate2,20,D5,2.423528869640948,"LINESTRING (-122.3148263 47.6699086,-122.2989995 47.6504055)"
27,Gate2,21,E1,2.977984972241383,"LINESTRING (-122.3148263 47.6699086,-122.3359803 47.6474355)"
27,Gate2,22,E2,2.2291808158278656,"LINESTRING (-122.3148263 47.6699086,-122.3228057 47.6482276)"
27,Gate2,23,E3,2.1190090798929515,"LINESTRING (-122.3148263 47.6699086,-122.3177506 47.6481432)"
27,Gate2,24,E4,2.3117438590377217,"LINESTRING (-122.3148263 47.6699086,-122.3040097 47.6485309)"
27,Gate2,25,E5,3.0119006155050707,"LINESTRING (-122.3148263 47.6699086,-122.2938875 47.6467586)"
27,Gate2,26,Gate1,3.314046531807258,"LINESTRING (-122.3148263 47.6699086,-122.3462375 47.6560168)"
27,Gate2,27,Gate2,0.0,"LINESTRING (-122.3148263 47.6699086,-122.3148263 47.6699086)"
27,Gate2,28,Gate3,3.3140465318085117,"LINESTRING (-122.3148263 47.6699086,-122.283415 47.6560168)"
27,Gate2,29,Gate4,2.680837398802895,"LINESTRING (-122.3148263 47.6699086,-122.3148263 47.642125)"
28,Gate3,1,A1,5.0258090931057176,"LINESTRING (-122.283415 47.6560168,-122.3347924 47.6645809)"
28,Gate3,2,A2,4.1738999139673165,"LINESTRING (-122.283415 47.6560168,-122.3257881 47.6647182)"
28,Gate3,3,A3,3.153115513052914,"LINESTRING (-122.283415 47.6560168,-122.3148683 47.6648797)"
28,Gate3,4,A4,2.245787510097906,"LINESTRING (-122.283415 47.6560168,-122.3048193 47.6651586)"
28,Gate3,5,A5,1.3563150038483691,"LINESTRING (-122.283415 47.6560168,-122.2943942 47.6647943)"
28,Gate3,6,B1,4.950836391834649,"LINESTRING (-122.283415 47.6560168,-122.3345209 47.6605811)"
28,Gate3,7,B2,4.086714607538888,"LINESTRING (-122.283415 47.6560168,-122.325519 47.6606093)"
28,Gate3,8,B3,3.0957685343545065,"LINESTRING (-122.283415 47.6560168,-122.3151817 47.660517)"
28,Gate3,9,B4,2.099820007167152,"LINESTRING (-122.283415 47.6560168,-122.3047029 47.6605345)"
28,Gate3,10,B5,1.085710102866939,"LINESTRING (-122.283415 47.6560168,-122.2935066 47.6609936)"
28,Gate3,11,C1,4.986817905796541,"LINESTRING (-122.283415 47.6560168,-122.3350968 47.6558086)"
28,Gate3,12,C2,4.043826081653112,"LINESTRING (-122.283415 47.6560168,-122.3253243 47.6560149)"
28,Gate3,13,C3,3.037190497337699,"LINESTRING (-122.283415 47.6560168,-122.3148916 47.6559348)"
28,Gate3,14,C4,2.065381617869438,"LINESTRING (-122.283415 47.6560168,-122.3048201 47.6559651)"
28,Gate3,15,C5,0.9792844476832016,"LINESTRING (-122.283415 47.6560168,-122.2934898 47.6572427)"
28,Gate3,16,D1,5.025849476664245,"LINESTRING (-122.283415 47.6560168,-122.3352917 47.6513437)"
28,Gate3,17,D2,3.9988531867763637,"LINESTRING (-122.283415 47.6560168,-122.3246096 47.6514846)"
28,Gate3,18,D3,2.9645554479282614,"LINESTRING (-122.283415 47.6560168,-122.3138341 47.6516996)"
28,Gate3,19,D4,2.1477439827779583,"LINESTRING (-122.283415 47.6560168,-122.305244 47.6516642)"
28,Gate3,20,D5,1.5982514226800835,"LINESTRING (-122.283415 47.6560168,-122.2989995 47.6504055)"
28,Gate3,21,E1,5.1391703802374264,"LINESTRING (-122.283415 47.6560168,-122.3359803 47.6474355)"
28,Gate3,22,E2,3.8744076778700527,"LINESTRING (-122.283415 47.6560168,-122.3228057 47.6482276)"
28,Gate3,23,E3,3.3990363701034356,"LINESTRING (-122.283415 47.6560168,-122.3177506 47.6481432)"
28,Gate3,24,E4,2.114384470373509,"LINESTRING (-122.283415 47.6560168,-122.3040097 47.6485309)"
28,Gate3,25,E5,1.3487484277882895,"LINESTRING (-122.283415 47.6560168,-122.2938875 47.6467586)"
28,Gate3,26,Gate1,6.0617430249995925,"LINESTRING (-122.283415 47.6560168,-122.3462375 47.6560168)"
28,Gate3,27,Gate2,3.3140465318085117,"LINESTRING (-122.283415 47.6560168,-122.3148263 47.6699086)"
28,Gate3,28,Gate3,0.0,"LINESTRING (-122.283415 47.6560168,-122.283415 47.6560168)"
28,Gate3,29,Gate4,3.3140465318085117,"LINESTRING (-122.283415 47.6560168,-122.3148263 47.642125)"
29,Gate4,1,A1,2.899384899507997,"LINESTRING (-122.3148263 47.642125,-122.3347924 47.6645809)"
29,Gate4,2,A2,2.4230663650026987,"LINESTRING (-122.3148263 47.642125,-122.3257881 47.6647182)"
29,Gate4,3,A3,2.19560813429161,"LINESTRING (-122.3148263 47.642125,-122.3148683 47.6648797)"
29,Gate4,4,A4,2.423193349064988,"LINESTRING (-122.3148263 47.642125,-122.3048193 47.6651586)"
29,Gate4,5,A5,2.944710820118522,"LINESTRING (-122.3148263 47.642125,-122.2943942 47.6647943)"
29,Gate4,6,B1,2.6043473820446583,"LINESTRING (-122.3148263 47.642125,-122.3345209 47.6605811)"
29,Gate4,7,B2,2.0604725928182344,"LINESTRING (-122.3148263 47.642125,-122.325519 47.6606093)"
29,Gate4,8,B3,1.7749734431836262,"LINESTRING (-122.3148263 47.642125,-122.3151817 47.660517)"
29,Gate4,9,B4,2.0271905181276444,"LINESTRING (-122.3148263 47.642125,-122.3047029 47.6605345)"
29,Gate4,10,B5,2.7470878797236606,"LINESTRING (-122.3148263 47.642125,-122.2935066 47.6609936)"
29,Gate4,11,C1,2.359838779121589,"LINESTRING (-122.3148263 47.642125,-122.3350968 47.6558086)"
29,Gate4,12,C2,1.679975702028013,"LINESTRING (-122.3148263 47.642125,-122.3253243 47.6560149)"
29,Gate4,13,C3,1.3325201113270333,"LINESTRING (-122.3148263 47.642125,-122.3148916 47.6559348)"
29,Gate4,14,C4,1.6478921117656704,"LINESTRING (-122.3148263 47.642125,-122.3048201 47.6559651)"
29,Gate4,15,C5,2.5231528974647532,"LINESTRING (-122.3148263 47.642125,-122.2934898 47.6572427)"
29,Gate4,16,D1,2.165807174755527,"LINESTRING (-122.3148263 47.642125,-122.3352917 47.6513437)"
29,Gate4,17,D2,1.3064208414288452,"LINESTRING (-122.3148263 47.642125,-122.3246096 47.6514846)"
29,Gate4,18,D3,0.9288025774458613,"LINESTRING (-122.3148263 47.642125,-122.3138341 47.6516996)"
29,Gate4,19,D4,1.3046336962619651,"LINESTRING (-122.3148263 47.642125,-122.305244 47.6516642)"
29,Gate4,20,D5,1.723508762192418,"LINESTRING (-122.3148263 47.642125,-122.2989995 47.6504055)"
29,Gate4,21,E1,2.104492442737702,"LINESTRING (-122.3148263 47.642125,-122.3359803 47.6474355)"
29,Gate4,22,E2,0.9693009202189783,"LINESTRING (-122.3148263 47.642125,-122.3228057 47.6482276)"
29,Gate4,23,E3,0.6456277308792382,"LINESTRING (-122.3148263 47.642125,-122.3177506 47.6481432)"
29,Gate4,24,E4,1.2129902506662777,"LINESTRING (-122.3148263 47.642125,-122.3040097 47.6485309)"
29,Gate4,25,E5,2.0692578979521734,"LINESTRING (-122.3148263 47.642125,-122.2938875 47.6467586)"
29,Gate4,26,Gate1,3.314046531807258,"LINESTRING (-122.3148263 47.642125,-122.3462375 47.6560168)"
29,Gate4,27,Gate2,2.680837398802895,"LINESTRING (-122.3148263 47.642125,-122.3148263 47.6699086)"
29,Gate4,28,Gate3,3.3140465318085117,"LINESTRING (-122.3148263 47.642125,-122.283415 47.6560168)"
29,Gate4,29,Gate4,0.0,"LINESTRING (-122.3148263 47.642125,-122.3148263 47.642125)"
